dataset_id,direction,rep_idx,start_frame_rel,end_frame_rel,start_frame_abs,end_frame_abs,n_frames,duration_samples_approx,duration_s_approx,movie_start_frame
2024.02.26-10.53.19-Rec,0,0,380,420,11124,11164,40,13330,0.6665,10744
2024.02.26-10.53.19-Rec,0,1,4900,4940,15644,15684,40,13330,0.6665,10744
2024.02.26-10.53.19-Rec,0,2,9420,9460,20164,20204,40,13330,0.6665,10744
2024.02.26-10.53.19-Rec,135,0,2116,2156,12860,12900,40,13330,0.6665,10744
2024.02.26-10.53.19-Rec,135,1,6636,6676,17380,17420,40,13330,0.6665,10744
2024.02.26-10.53.19-Rec,135,2,11156,11196,21900,21940,40,13330,0.6665,10744
2024.02.26-10.53.19-Rec,180,0,2571,2611,13315,13355,40,13330,0.6665,10744
2024.02.26-10.53.19-Rec,180,1,7091,7131,17835,17875,40,13330,0.6665,10744
2024.02.26-10.53.19-Rec,180,2,11611,11651,22355,22395,40,13330,0.6665,10744
2024.02.26-10.53.19-Rec,225,0,3140,3180,13884,13924,40,13330,0.6665,10744
2024.02.26-10.53.19-Rec,225,1,7660,7700,18404,18444,40,13330,0.6665,10744
2024.02.26-10.53.19-Rec,225,2,12180,12220,22924,22964,40,13330,0.6665,10744
2024.02.26-10.53.19-Rec,270,0,3920,3960,14664,14704,40,13330,0.6665,10744
2024.02.26-10.53.19-Rec,270,1,8440,8480,19184,19224,40,13330,0.6665,10744
2024.02.26-10.53.19-Rec,270,2,12960,13000,23704,23744,40,13330,0.6665,10744
2024.02.26-10.53.19-Rec,315,0,4135,4175,14879,14919,40,13330,0.6665,10744
2024.02.26-10.53.19-Rec,315,1,8655,8695,19399,19439,40,13330,0.6665,10744
2024.02.26-10.53.19-Rec,315,2,13175,13215,23919,23959,40,13330,0.6665,10744
2024.02.26-10.53.19-Rec,45,0,801,841,11545,11585,40,13330,0.6665,10744
2024.02.26-10.53.19-Rec,45,1,5321,5361,16065,16105,40,13330,0.6665,10744
2024.02.26-10.53.19-Rec,45,2,9841,9881,20585,20625,40,13330,0.6665,10744
2024.02.26-10.53.19-Rec,90,0,1231,1271,11975,12015,40,13330,0.6665,10744
2024.02.26-10.53.19-Rec,90,1,5751,5791,16495,16535,40,13330,0.6665,10744
2024.02.26-10.53.19-Rec,90,2,10271,10311,21015,21055,40,13330,0.6665,10744
2024.02.26-11.44.42-Rec,0,0,168,208,10912,10952,40,13360,0.668,10744
2024.02.26-11.44.42-Rec,0,1,4688,4728,15432,15472,40,13360,0.668,10744
2024.02.26-11.44.42-Rec,0,2,9208,9248,19952,19992,40,13360,0.668,10744
2024.02.26-11.44.42-Rec,135,0,1791,1831,12535,12575,40,13360,0.668,10744
2024.02.26-11.44.42-Rec,135,1,6311,6351,17055,17095,40,13360,0.668,10744
2024.02.26-11.44.42-Rec,135,2,10831,10871,21575,21615,40,13360,0.668,10744
2024.02.26-11.44.42-Rec,180,0,2673,2713,13417,13457,40,13360,0.668,10744
2024.02.26-11.44.42-Rec,180,1,7193,7233,17937,17977,40,13360,0.668,10744
2024.02.26-11.44.42-Rec,180,2,11713,11753,22457,22497,40,13360,0.668,10744
2024.02.26-11.44.42-Rec,225,0,3233,3273,13977,14017,40,13360,0.668,10744
2024.02.26-11.44.42-Rec,225,1,7753,7793,18497,18537,40,13360,0.668,10744
2024.02.26-11.44.42-Rec,225,2,12273,12313,23017,23057,40,13360,0.668,10744
2024.02.26-11.44.42-Rec,270,0,3794,3834,14538,14578,40,13360,0.668,10744
2024.02.26-11.44.42-Rec,270,1,8314,8354,19058,19098,40,13360,0.668,10744
2024.02.26-11.44.42-Rec,270,2,12834,12874,23578,23618,40,13360,0.668,10744
2024.02.26-11.44.42-Rec,315,0,4460,4500,15204,15244,40,13360,0.668,10744
2024.02.26-11.44.42-Rec,315,1,8980,9020,19724,19764,40,13360,0.668,10744
2024.02.26-11.44.42-Rec,315,2,13500,13540,24244,24284,40,13360,0.668,10744
2024.02.26-11.44.42-Rec,45,0,818,858,11562,11602,40,13360,0.668,10744
2024.02.26-11.44.42-Rec,45,1,5338,5378,16082,16122,40,13360,0.668,10744
2024.02.26-11.44.42-Rec,45,2,9858,9898,20602,20642,40,13360,0.668,10744
2024.02.26-11.44.42-Rec,90,0,1357,1397,12101,12141,40,13360,0.668,10744
2024.02.26-11.44.42-Rec,90,1,5877,5917,16621,16661,40,13360,0.668,10744
2024.02.26-11.44.42-Rec,90,2,10397,10437,21141,21181,40,13360,0.668,10744
2024.02.26-12.23.03-Rec,0,0,592,632,11336,11376,40,13437,0.67185,10744
2024.02.26-12.23.03-Rec,0,1,5112,5152,15856,15896,40,13437,0.67185,10744
2024.02.26-12.23.03-Rec,0,2,9632,9672,20376,20416,40,13437,0.67185,10744
2024.02.26-12.23.03-Rec,135,0,2251,2291,12995,13035,40,13437,0.67185,10744
2024.02.26-12.23.03-Rec,135,1,6771,6811,17515,17555,40,13437,0.67185,10744
2024.02.26-12.23.03-Rec,135,2,11291,11331,22035,22075,40,13437,0.67185,10744
2024.02.26-12.23.03-Rec,180,0,2359,2399,13103,13143,40,13437,0.67185,10744
2024.02.26-12.23.03-Rec,180,1,6879,6919,17623,17663,40,13437,0.67185,10744
2024.02.26-12.23.03-Rec,180,2,11399,11439,22143,22183,40,13437,0.67185,10744
2024.02.26-12.23.03-Rec,225,0,2906,2945,13650,13689,39,13101,0.65505,10744
2024.02.26-12.23.03-Rec,225,1,7426,7465,18170,18209,39,13101,0.65505,10744
2024.02.26-12.23.03-Rec,225,2,11946,11985,22690,22729,39,13101,0.65505,10744
2024.02.26-12.23.03-Rec,270,0,3452,3492,14196,14236,40,13437,0.67185,10744
2024.02.26-12.23.03-Rec,270,1,7972,8012,18716,18756,40,13437,0.67185,10744
2024.02.26-12.23.03-Rec,270,2,12492,12532,23236,23276,40,13437,0.67185,10744
2024.02.26-12.23.03-Rec,315,0,4440,4480,15184,15224,40,13437,0.67185,10744
2024.02.26-12.23.03-Rec,315,1,8960,9000,19704,19744,40,13437,0.67185,10744
2024.02.26-12.23.03-Rec,315,2,13480,13520,24224,24264,40,13437,0.67185,10744
2024.02.26-12.23.03-Rec,45,0,1035,1075,11779,11819,40,13437,0.67185,10744
2024.02.26-12.23.03-Rec,45,1,5555,5595,16299,16339,40,13437,0.67185,10744
2024.02.26-12.23.03-Rec,45,2,10075,10115,20819,20859,40,13437,0.67185,10744
2024.02.26-12.23.03-Rec,90,0,1699,1739,12443,12483,40,13437,0.67185,10744
2024.02.26-12.23.03-Rec,90,1,6219,6259,16963,17003,40,13437,0.67185,10744
2024.02.26-12.23.03-Rec,90,2,10739,10779,21483,21523,40,13437,0.67185,10744
2024.02.26-13.44.15-Rec,0,0,372,412,11116,11156,40,13436,0.6718,10744
2024.02.26-13.44.15-Rec,0,1,4892,4932,15636,15676,40,13436,0.6718,10744
2024.02.26-13.44.15-Rec,0,2,9412,9452,20156,20196,40,13436,0.6718,10744
2024.02.26-13.44.15-Rec,135,0,1932,1972,12676,12716,40,13436,0.6718,10744
2024.02.26-13.44.15-Rec,135,1,6452,6492,17196,17236,40,13436,0.6718,10744
2024.02.26-13.44.15-Rec,135,2,10972,11012,21716,21756,40,13436,0.6718,10744
2024.02.26-13.44.15-Rec,180,0,2469,2509,13213,13253,40,13436,0.6718,10744
2024.02.26-13.44.15-Rec,180,1,6989,7029,17733,17773,40,13436,0.6718,10744
2024.02.26-13.44.15-Rec,180,2,11509,11549,22253,22293,40,13436,0.6718,10744
2024.02.26-13.44.15-Rec,225,0,3004,3044,13748,13788,40,13436,0.6718,10744
2024.02.26-13.44.15-Rec,225,1,7524,7564,18268,18308,40,13436,0.6718,10744
2024.02.26-13.44.15-Rec,225,2,12044,12084,22788,22828,40,13436,0.6718,10744
2024.02.26-13.44.15-Rec,270,0,3436,3476,14180,14220,40,13436,0.6718,10744
2024.02.26-13.44.15-Rec,270,1,7956,7996,18700,18740,40,13436,0.6718,10744
2024.02.26-13.44.15-Rec,270,2,12476,12516,23220,23260,40,13436,0.6718,10744
2024.02.26-13.44.15-Rec,315,0,4319,4359,15063,15103,40,13436,0.6718,10744
2024.02.26-13.44.15-Rec,315,1,8839,8879,19583,19623,40,13436,0.6718,10744
2024.02.26-13.44.15-Rec,315,2,13359,13399,24103,24143,40,13436,0.6718,10744
2024.02.26-13.44.15-Rec,45,0,937,977,11681,11721,40,13436,0.6718,10744
2024.02.26-13.44.15-Rec,45,1,5457,5497,16201,16241,40,13436,0.6718,10744
2024.02.26-13.44.15-Rec,45,2,9977,10017,20721,20761,40,13436,0.6718,10744
2024.02.26-13.44.15-Rec,90,0,1715,1755,12459,12499,40,13436,0.6718,10744
2024.02.26-13.44.15-Rec,90,1,6235,6275,16979,17019,40,13436,0.6718,10744
2024.02.26-13.44.15-Rec,90,2,10755,10795,21499,21539,40,13436,0.6718,10744
2024.02.26-14.21.41-Rec,0,0,396,436,11140,11180,40,13440,0.672,10744
2024.02.26-14.21.41-Rec,0,1,4916,4956,15660,15700,40,13440,0.672,10744
2024.02.26-14.21.41-Rec,0,2,9436,9476,20180,20220,40,13440,0.672,10744
2024.02.26-14.21.41-Rec,135,0,2138,2178,12882,12922,40,13440,0.672,10744
2024.02.26-14.21.41-Rec,135,1,6658,6698,17402,17442,40,13440,0.672,10744
2024.02.26-14.21.41-Rec,135,2,11178,11218,21922,21962,40,13440,0.672,10744
2024.02.26-14.21.41-Rec,180,0,2555,2595,13299,13339,40,13440,0.672,10744
2024.02.26-14.21.41-Rec,180,1,7075,7115,17819,17859,40,13440,0.672,10744
2024.02.26-14.21.41-Rec,180,2,11595,11635,22339,22379,40,13440,0.672,10744
2024.02.26-14.21.41-Rec,225,0,2874,2914,13618,13658,40,13440,0.672,10744
2024.02.26-14.21.41-Rec,225,1,7394,7434,18138,18178,40,13440,0.672,10744
2024.02.26-14.21.41-Rec,225,2,11914,11954,22658,22698,40,13440,0.672,10744
2024.02.26-14.21.41-Rec,270,0,3652,3692,14396,14436,40,13440,0.672,10744
2024.02.26-14.21.41-Rec,270,1,8172,8212,18916,18956,40,13440,0.672,10744
2024.02.26-14.21.41-Rec,270,2,12692,12732,23436,23476,40,13440,0.672,10744
2024.02.26-14.21.41-Rec,315,0,4113,4153,14857,14897,40,13440,0.672,10744
2024.02.26-14.21.41-Rec,315,1,8633,8673,19377,19417,40,13440,0.672,10744
2024.02.26-14.21.41-Rec,315,2,13153,13193,23897,23937,40,13440,0.672,10744
2024.02.26-14.21.41-Rec,45,0,1177,1217,11921,11961,40,13440,0.672,10744
2024.02.26-14.21.41-Rec,45,1,5697,5737,16441,16481,40,13440,0.672,10744
2024.02.26-14.21.41-Rec,45,2,10217,10257,20961,21001,40,13440,0.672,10744
2024.02.26-14.21.41-Rec,90,0,1499,1539,12243,12283,40,13440,0.672,10744
2024.02.26-14.21.41-Rec,90,1,6019,6059,16763,16803,40,13440,0.672,10744
2024.02.26-14.21.41-Rec,90,2,10539,10579,21283,21323,40,13440,0.672,10744
2024.02.28-10.42.23-Rec,0,0,168,208,10912,10952,40,13698,0.6849,10744
2024.02.28-10.42.23-Rec,0,1,4688,4728,15432,15472,40,13698,0.6849,10744
2024.02.28-10.42.23-Rec,0,2,9208,9248,19952,19992,40,13698,0.6849,10744
2024.02.28-10.42.23-Rec,135,0,1791,1831,12535,12575,40,13698,0.6849,10744
2024.02.28-10.42.23-Rec,135,1,6311,6351,17055,17095,40,13698,0.6849,10744
2024.02.28-10.42.23-Rec,135,2,10831,10871,21575,21615,40,13698,0.6849,10744
2024.02.28-10.42.23-Rec,180,0,2673,2713,13417,13457,40,13698,0.6849,10744
2024.02.28-10.42.23-Rec,180,1,7193,7233,17937,17977,40,13698,0.6849,10744
2024.02.28-10.42.23-Rec,180,2,11713,11753,22457,22497,40,13698,0.6849,10744
2024.02.28-10.42.23-Rec,225,0,3233,3273,13977,14017,40,13698,0.6849,10744
2024.02.28-10.42.23-Rec,225,1,7753,7793,18497,18537,40,13698,0.6849,10744
2024.02.28-10.42.23-Rec,225,2,12273,12313,23017,23057,40,13698,0.6849,10744
2024.02.28-10.42.23-Rec,270,0,3794,3834,14538,14578,40,13698,0.6849,10744
2024.02.28-10.42.23-Rec,270,1,8314,8354,19058,19098,40,13698,0.6849,10744
2024.02.28-10.42.23-Rec,270,2,12834,12874,23578,23618,40,13698,0.6849,10744
2024.02.28-10.42.23-Rec,315,0,4460,4500,15204,15244,40,13698,0.6849,10744
2024.02.28-10.42.23-Rec,315,1,8980,9020,19724,19764,40,13698,0.6849,10744
2024.02.28-10.42.23-Rec,315,2,13500,13540,24244,24284,40,13698,0.6849,10744
2024.02.28-10.42.23-Rec,45,0,818,858,11562,11602,40,13698,0.6849,10744
2024.02.28-10.42.23-Rec,45,1,5338,5378,16082,16122,40,13698,0.6849,10744
2024.02.28-10.42.23-Rec,45,2,9858,9898,20602,20642,40,13698,0.6849,10744
2024.02.28-10.42.23-Rec,90,0,1357,1397,12101,12141,40,13698,0.6849,10744
2024.02.28-10.42.23-Rec,90,1,5877,5917,16621,16661,40,13698,0.6849,10744
2024.02.28-10.42.23-Rec,90,2,10397,10437,21141,21181,40,13698,0.6849,10744
2024.02.28-11.19.39-Rec,0,0,352,392,11096,11136,40,13697,0.68485,10744
2024.02.28-11.19.39-Rec,0,1,4872,4912,15616,15656,40,13697,0.68485,10744
2024.02.28-11.19.39-Rec,0,2,9392,9432,20136,20176,40,13697,0.68485,10744
2024.02.28-11.19.39-Rec,135,0,1915,1955,12659,12699,40,13697,0.68485,10744
2024.02.28-11.19.39-Rec,135,1,6435,6475,17179,17219,40,13697,0.68485,10744
2024.02.28-11.19.39-Rec,135,2,10955,10995,21699,21739,40,13697,0.68485,10744
2024.02.28-11.19.39-Rec,180,0,2599,2639,13343,13383,40,13697,0.68485,10744
2024.02.28-11.19.39-Rec,180,1,7119,7159,17863,17903,40,13697,0.68485,10744
2024.02.28-11.19.39-Rec,180,2,11639,11679,22383,22423,40,13697,0.68485,10744
2024.02.28-11.19.39-Rec,225,0,3379,3419,14123,14163,40,13697,0.68485,10744
2024.02.28-11.19.39-Rec,225,1,7899,7939,18643,18683,40,13697,0.68485,10744
2024.02.28-11.19.39-Rec,225,2,12419,12459,23163,23203,40,13697,0.68485,10744
2024.02.28-11.19.39-Rec,270,0,3700,3740,14444,14484,40,13697,0.68485,10744
2024.02.28-11.19.39-Rec,270,1,8220,8260,18964,19004,40,13697,0.68485,10744
2024.02.28-11.19.39-Rec,270,2,12740,12780,23484,23524,40,13697,0.68485,10744
2024.02.28-11.19.39-Rec,315,0,4336,4376,15080,15120,40,13697,0.68485,10744
2024.02.28-11.19.39-Rec,315,1,8856,8896,19600,19640,40,13697,0.68485,10744
2024.02.28-11.19.39-Rec,315,2,13376,13416,24120,24160,40,13697,0.68485,10744
2024.02.28-11.19.39-Rec,45,0,1112,1152,11856,11896,40,13697,0.68485,10744
2024.02.28-11.19.39-Rec,45,1,5632,5672,16376,16416,40,13697,0.68485,10744
2024.02.28-11.19.39-Rec,45,2,10152,10192,20896,20936,40,13697,0.68485,10744
2024.02.28-11.19.39-Rec,90,0,1451,1491,12195,12235,40,13697,0.68485,10744
2024.02.28-11.19.39-Rec,90,1,5971,6011,16715,16755,40,13697,0.68485,10744
2024.02.28-11.19.39-Rec,90,2,10491,10531,21235,21275,40,13697,0.68485,10744
2024.02.28-11.57.32-Rec,0,0,490,530,11234,11274,40,13807,0.69035,10744
2024.02.28-11.57.32-Rec,0,1,5010,5050,15754,15794,40,13807,0.69035,10744
2024.02.28-11.57.32-Rec,0,2,9530,9570,20274,20314,40,13807,0.69035,10744
2024.02.28-11.57.32-Rec,135,0,1921,1961,12665,12705,40,13807,0.69035,10744
2024.02.28-11.57.32-Rec,135,1,6441,6481,17185,17225,40,13807,0.69035,10744
2024.02.28-11.57.32-Rec,135,2,10961,11001,21705,21745,40,13807,0.69035,10744
2024.02.28-11.57.32-Rec,180,0,2461,2501,13205,13245,40,13807,0.69035,10744
2024.02.28-11.57.32-Rec,180,1,6981,7021,17725,17765,40,13807,0.69035,10744
2024.02.28-11.57.32-Rec,180,2,11501,11541,22245,22285,40,13807,0.69035,10744
2024.02.28-11.57.32-Rec,225,0,2894,2934,13638,13678,40,13807,0.69035,10744
2024.02.28-11.57.32-Rec,225,1,7414,7454,18158,18198,40,13807,0.69035,10744
2024.02.28-11.57.32-Rec,225,2,11934,11974,22678,22718,40,13807,0.69035,10744
2024.02.28-11.57.32-Rec,270,0,3884,3924,14628,14668,40,13807,0.69035,10744
2024.02.28-11.57.32-Rec,270,1,8404,8444,19148,19188,40,13807,0.69035,10744
2024.02.28-11.57.32-Rec,270,2,12924,12964,23668,23708,40,13807,0.69035,10744
2024.02.28-11.57.32-Rec,315,0,4330,4370,15074,15114,40,13807,0.69035,10744
2024.02.28-11.57.32-Rec,315,1,8850,8890,19594,19634,40,13807,0.69035,10744
2024.02.28-11.57.32-Rec,315,2,13370,13410,24114,24154,40,13807,0.69035,10744
2024.02.28-11.57.32-Rec,45,0,1047,1087,11791,11831,40,13807,0.69035,10744
2024.02.28-11.57.32-Rec,45,1,5567,5607,16311,16351,40,13807,0.69035,10744
2024.02.28-11.57.32-Rec,45,2,10087,10127,20831,20871,40,13807,0.69035,10744
2024.02.28-11.57.32-Rec,90,0,1267,1307,12011,12051,40,13807,0.69035,10744
2024.02.28-11.57.32-Rec,90,1,5787,5827,16531,16571,40,13807,0.69035,10744
2024.02.28-11.57.32-Rec,90,2,10307,10347,21051,21091,40,13807,0.69035,10744
2024.02.28-13.50.36-Rec,0,0,290,330,11034,11074,40,13710,0.6855,10744
2024.02.28-13.50.36-Rec,0,1,4810,4850,15554,15594,40,13710,0.6855,10744
2024.02.28-13.50.36-Rec,0,2,9330,9370,20074,20114,40,13710,0.6855,10744
2024.02.28-13.50.36-Rec,135,0,1777,1817,12521,12561,40,13710,0.6855,10744
2024.02.28-13.50.36-Rec,135,1,6297,6337,17041,17081,40,13710,0.6855,10744
2024.02.28-13.50.36-Rec,135,2,10817,10857,21561,21601,40,13710,0.6855,10744
2024.02.28-13.50.36-Rec,180,0,2551,2591,13295,13335,40,13710,0.6855,10744
2024.02.28-13.50.36-Rec,180,1,7071,7111,17815,17855,40,13710,0.6855,10744
2024.02.28-13.50.36-Rec,180,2,11591,11631,22335,22375,40,13710,0.6855,10744
2024.02.28-13.50.36-Rec,225,0,3010,3050,13754,13794,40,13710,0.6855,10744
2024.02.28-13.50.36-Rec,225,1,7530,7570,18274,18314,40,13710,0.6855,10744
2024.02.28-13.50.36-Rec,225,2,12050,12090,22794,22834,40,13710,0.6855,10744
2024.02.28-13.50.36-Rec,270,0,3692,3732,14436,14476,40,13710,0.6855,10744
2024.02.28-13.50.36-Rec,270,1,8212,8252,18956,18996,40,13710,0.6855,10744
2024.02.28-13.50.36-Rec,270,2,12732,12772,23476,23516,40,13710,0.6855,10744
2024.02.28-13.50.36-Rec,315,0,4364,4404,15108,15148,40,13710,0.6855,10744
2024.02.28-13.50.36-Rec,315,1,8884,8924,19628,19668,40,13710,0.6855,10744
2024.02.28-13.50.36-Rec,315,2,13404,13444,24148,24188,40,13710,0.6855,10744
2024.02.28-13.50.36-Rec,45,0,931,971,11675,11715,40,13710,0.6855,10744
2024.02.28-13.50.36-Rec,45,1,5451,5491,16195,16235,40,13710,0.6855,10744
2024.02.28-13.50.36-Rec,45,2,9971,10011,20715,20755,40,13710,0.6855,10744
2024.02.28-13.50.36-Rec,90,0,1459,1499,12203,12243,40,13710,0.6855,10744
2024.02.28-13.50.36-Rec,90,1,5979,6019,16723,16763,40,13710,0.6855,10744
2024.02.28-13.50.36-Rec,90,2,10499,10539,21243,21283,40,13710,0.6855,10744
2024.03.01-10.28.08-Rec,0,0,372,412,11116,11156,40,13701,0.68505,10744
2024.03.01-10.28.08-Rec,0,1,4892,4932,15636,15676,40,13701,0.68505,10744
2024.03.01-10.28.08-Rec,0,2,9412,9452,20156,20196,40,13701,0.68505,10744
2024.03.01-10.28.08-Rec,135,0,1935,1975,12679,12719,40,13701,0.68505,10744
2024.03.01-10.28.08-Rec,135,1,6455,6495,17199,17239,40,13701,0.68505,10744
2024.03.01-10.28.08-Rec,135,2,10975,11015,21719,21759,40,13701,0.68505,10744
2024.03.01-10.28.08-Rec,180,0,2579,2619,13323,13363,40,13701,0.68505,10744
2024.03.01-10.28.08-Rec,180,1,7099,7139,17843,17883,40,13701,0.68505,10744
2024.03.01-10.28.08-Rec,180,2,11619,11659,22363,22403,40,13701,0.68505,10744
2024.03.01-10.28.08-Rec,225,0,3001,3041,13745,13785,40,13701,0.68505,10744
2024.03.01-10.28.08-Rec,225,1,7521,7561,18265,18305,40,13701,0.68505,10744
2024.03.01-10.28.08-Rec,225,2,12041,12081,22785,22825,40,13701,0.68505,10744
2024.03.01-10.28.08-Rec,270,0,3432,3472,14176,14216,40,13701,0.68505,10744
2024.03.01-10.28.08-Rec,270,1,7952,7992,18696,18736,40,13701,0.68505,10744
2024.03.01-10.28.08-Rec,270,2,12472,12512,23216,23256,40,13701,0.68505,10744
2024.03.01-10.28.08-Rec,315,0,4316,4356,15060,15100,40,13701,0.68505,10744
2024.03.01-10.28.08-Rec,315,1,8836,8876,19580,19620,40,13701,0.68505,10744
2024.03.01-10.28.08-Rec,315,2,13356,13396,24100,24140,40,13701,0.68505,10744
2024.03.01-10.28.08-Rec,45,0,940,980,11684,11724,40,13701,0.68505,10744
2024.03.01-10.28.08-Rec,45,1,5460,5500,16204,16244,40,13701,0.68505,10744
2024.03.01-10.28.08-Rec,45,2,9980,10020,20724,20764,40,13701,0.68505,10744
2024.03.01-10.28.08-Rec,90,0,1719,1759,12463,12503,40,13701,0.68505,10744
2024.03.01-10.28.08-Rec,90,1,6239,6279,16983,17023,40,13701,0.68505,10744
2024.03.01-10.28.08-Rec,90,2,10759,10799,21503,21543,40,13701,0.68505,10744
2024.03.01-11.09.01-Rec,0,0,360,400,11104,11144,40,13706,0.6853,10744
2024.03.01-11.09.01-Rec,0,1,4880,4920,15624,15664,40,13706,0.6853,10744
2024.03.01-11.09.01-Rec,0,2,9400,9440,20144,20184,40,13706,0.6853,10744
2024.03.01-11.09.01-Rec,135,0,1910,1950,12654,12694,40,13706,0.6853,10744
2024.03.01-11.09.01-Rec,135,1,6430,6470,17174,17214,40,13706,0.6853,10744
2024.03.01-11.09.01-Rec,135,2,10950,10990,21694,21734,40,13706,0.6853,10744
2024.03.01-11.09.01-Rec,180,0,2591,2631,13335,13375,40,13706,0.6853,10744
2024.03.01-11.09.01-Rec,180,1,7111,7151,17855,17895,40,13706,0.6853,10744
2024.03.01-11.09.01-Rec,180,2,11631,11671,22375,22415,40,13706,0.6853,10744
2024.03.01-11.09.01-Rec,225,0,3264,3304,14008,14048,40,13706,0.6853,10744
2024.03.01-11.09.01-Rec,225,1,7784,7824,18528,18568,40,13706,0.6853,10744
2024.03.01-11.09.01-Rec,225,2,12304,12344,23048,23088,40,13706,0.6853,10744
2024.03.01-11.09.01-Rec,270,0,3590,3630,14334,14374,40,13706,0.6853,10744
2024.03.01-11.09.01-Rec,270,1,8110,8150,18854,18894,40,13706,0.6853,10744
2024.03.01-11.09.01-Rec,270,2,12630,12670,23374,23414,40,13706,0.6853,10744
2024.03.01-11.09.01-Rec,315,0,4231,4271,14975,15015,40,13706,0.6853,10744
2024.03.01-11.09.01-Rec,315,1,8751,8791,19495,19535,40,13706,0.6853,10744
2024.03.01-11.09.01-Rec,315,2,13271,13311,24015,24055,40,13706,0.6853,10744
2024.03.01-11.09.01-Rec,45,0,677,717,11421,11461,40,13706,0.6853,10744
2024.03.01-11.09.01-Rec,45,1,5197,5237,15941,15981,40,13706,0.6853,10744
2024.03.01-11.09.01-Rec,45,2,9717,9757,20461,20501,40,13706,0.6853,10744
2024.03.01-11.09.01-Rec,90,0,1451,1491,12195,12235,40,13706,0.6853,10744
2024.03.01-11.09.01-Rec,90,1,5971,6011,16715,16755,40,13706,0.6853,10744
2024.03.01-11.09.01-Rec,90,2,10491,10531,21235,21275,40,13706,0.6853,10744
2024.03.01-13.13.16-Rec,0,0,380,420,11124,11164,40,13714,0.6857,10744
2024.03.01-13.13.16-Rec,0,1,4900,4940,15644,15684,40,13714,0.6857,10744
2024.03.01-13.13.16-Rec,0,2,9420,9460,20164,20204,40,13714,0.6857,10744
2024.03.01-13.13.16-Rec,135,0,2118,2158,12862,12902,40,13714,0.6857,10744
2024.03.01-13.13.16-Rec,135,1,6638,6678,17382,17422,40,13714,0.6857,10744
2024.03.01-13.13.16-Rec,135,2,11158,11198,21902,21942,40,13714,0.6857,10744
2024.03.01-13.13.16-Rec,180,0,2571,2611,13315,13355,40,13714,0.6857,10744
2024.03.01-13.13.16-Rec,180,1,7091,7131,17835,17875,40,13714,0.6857,10744
2024.03.01-13.13.16-Rec,180,2,11611,11651,22355,22395,40,13714,0.6857,10744
2024.03.01-13.13.16-Rec,225,0,3137,3177,13881,13921,40,13714,0.6857,10744
2024.03.01-13.13.16-Rec,225,1,7657,7697,18401,18441,40,13714,0.6857,10744
2024.03.01-13.13.16-Rec,225,2,12177,12217,22921,22961,40,13714,0.6857,10744
2024.03.01-13.13.16-Rec,270,0,3916,3956,14660,14700,40,13714,0.6857,10744
2024.03.01-13.13.16-Rec,270,1,8436,8476,19180,19220,40,13714,0.6857,10744
2024.03.01-13.13.16-Rec,270,2,12956,12996,23700,23740,40,13714,0.6857,10744
2024.03.01-13.13.16-Rec,315,0,4133,4173,14877,14917,40,13714,0.6857,10744
2024.03.01-13.13.16-Rec,315,1,8653,8693,19397,19437,40,13714,0.6857,10744
2024.03.01-13.13.16-Rec,315,2,13173,13213,23917,23957,40,13714,0.6857,10744
2024.03.01-13.13.16-Rec,45,0,804,844,11548,11588,40,13714,0.6857,10744
2024.03.01-13.13.16-Rec,45,1,5324,5364,16068,16108,40,13714,0.6857,10744
2024.03.01-13.13.16-Rec,45,2,9844,9884,20588,20628,40,13714,0.6857,10744
2024.03.01-13.13.16-Rec,90,0,1235,1275,11979,12019,40,13714,0.6857,10744
2024.03.01-13.13.16-Rec,90,1,5755,5795,16499,16539,40,13714,0.6857,10744
2024.03.01-13.13.16-Rec,90,2,10275,10315,21019,21059,40,13714,0.6857,10744
2024.03.01-13.48.58-Rec,0,0,588,628,11332,11372,40,13712,0.6856,10744
2024.03.01-13.48.58-Rec,0,1,5108,5148,15852,15892,40,13712,0.6856,10744
2024.03.01-13.48.58-Rec,0,2,9628,9668,20372,20412,40,13712,0.6856,10744
2024.03.01-13.48.58-Rec,135,0,2254,2294,12998,13038,40,13712,0.6856,10744
2024.03.01-13.48.58-Rec,135,1,6774,6814,17518,17558,40,13712,0.6856,10744
2024.03.01-13.48.58-Rec,135,2,11294,11334,22038,22078,40,13712,0.6856,10744
2024.03.01-13.48.58-Rec,180,0,2363,2403,13107,13147,40,13712,0.6856,10744
2024.03.01-13.48.58-Rec,180,1,6883,6923,17627,17667,40,13712,0.6856,10744
2024.03.01-13.48.58-Rec,180,2,11403,11443,22147,22187,40,13712,0.6856,10744
2024.03.01-13.48.58-Rec,225,0,2908,2948,13652,13692,40,13712,0.6856,10744
2024.03.01-13.48.58-Rec,225,1,7428,7468,18172,18212,40,13712,0.6856,10744
2024.03.01-13.48.58-Rec,225,2,11948,11988,22692,22732,40,13712,0.6856,10744
2024.03.01-13.48.58-Rec,270,0,3452,3492,14196,14236,40,13712,0.6856,10744
2024.03.01-13.48.58-Rec,270,1,7972,8012,18716,18756,40,13712,0.6856,10744
2024.03.01-13.48.58-Rec,270,2,12492,12532,23236,23276,40,13712,0.6856,10744
2024.03.01-13.48.58-Rec,315,0,3997,4037,14741,14781,40,13712,0.6856,10744
2024.03.01-13.48.58-Rec,315,1,8517,8557,19261,19301,40,13712,0.6856,10744
2024.03.01-13.48.58-Rec,315,2,13037,13077,23781,23821,40,13712,0.6856,10744
2024.03.01-13.48.58-Rec,45,0,1033,1073,11777,11817,40,13712,0.6856,10744
2024.03.01-13.48.58-Rec,45,1,5553,5593,16297,16337,40,13712,0.6856,10744
2024.03.01-13.48.58-Rec,45,2,10073,10113,20817,20857,40,13712,0.6856,10744
2024.03.01-13.48.58-Rec,90,0,1589,1629,12333,12373,40,13712,0.6856,10744
2024.03.01-13.48.58-Rec,90,1,6109,6149,16853,16893,40,13712,0.6856,10744
2024.03.01-13.48.58-Rec,90,2,10629,10669,21373,21413,40,13712,0.6856,10744
2024.03.01-14.40.14-Rec,0,0,250,290,10994,11034,40,13664,0.6832,10744
2024.03.01-14.40.14-Rec,0,1,4770,4810,15514,15554,40,13664,0.6832,10744
2024.03.01-14.40.14-Rec,0,2,9290,9330,20034,20074,40,13664,0.6832,10744
2024.03.01-14.40.14-Rec,135,0,1836,1876,12580,12620,40,13664,0.6832,10744
2024.03.01-14.40.14-Rec,135,1,6356,6396,17100,17140,40,13664,0.6832,10744
2024.03.01-14.40.14-Rec,135,2,10876,10916,21620,21660,40,13664,0.6832,10744
2024.03.01-14.40.14-Rec,180,0,2591,2631,13335,13375,40,13664,0.6832,10744
2024.03.01-14.40.14-Rec,180,1,7111,7151,17855,17895,40,13664,0.6832,10744
2024.03.01-14.40.14-Rec,180,2,11631,11671,22375,22415,40,13664,0.6832,10744
2024.03.01-14.40.14-Rec,225,0,3227,3267,13971,14011,40,13664,0.6832,10744
2024.03.01-14.40.14-Rec,225,1,7747,7787,18491,18531,40,13664,0.6832,10744
2024.03.01-14.40.14-Rec,225,2,12267,12307,23011,23051,40,13664,0.6832,10744
2024.03.01-14.40.14-Rec,270,0,3538,3578,14282,14322,40,13664,0.6832,10744
2024.03.01-14.40.14-Rec,270,1,8058,8098,18802,18842,40,13664,0.6832,10744
2024.03.01-14.40.14-Rec,270,2,12578,12618,23322,23362,40,13664,0.6832,10744
2024.03.01-14.40.14-Rec,315,0,4305,4344,15049,15088,39,13323,0.66615,10744
2024.03.01-14.40.14-Rec,315,1,8825,8864,19569,19608,39,13323,0.66615,10744
2024.03.01-14.40.14-Rec,315,2,13345,13384,24089,24128,39,13323,0.66615,10744
2024.03.01-14.40.14-Rec,45,0,824,864,11568,11608,40,13664,0.6832,10744
2024.03.01-14.40.14-Rec,45,1,5344,5384,16088,16128,40,13664,0.6832,10744
2024.03.01-14.40.14-Rec,45,2,9864,9904,20608,20648,40,13664,0.6832,10744
2024.03.01-14.40.14-Rec,90,0,1503,1543,12247,12287,40,13664,0.6832,10744
2024.03.01-14.40.14-Rec,90,1,6023,6063,16767,16807,40,13664,0.6832,10744
2024.03.01-14.40.14-Rec,90,2,10543,10583,21287,21327,40,13664,0.6832,10744
2024.03.05-10.07.59-Rec,0,0,148,188,10892,10932,40,13661,0.68305,10744
2024.03.05-10.07.59-Rec,0,1,4668,4708,15412,15452,40,13661,0.68305,10744
2024.03.05-10.07.59-Rec,0,2,9188,9228,19932,19972,40,13661,0.68305,10744
2024.03.05-10.07.59-Rec,135,0,2141,2181,12885,12925,40,13661,0.68305,10744
2024.03.05-10.07.59-Rec,135,1,6661,6701,17405,17445,40,13661,0.68305,10744
2024.03.05-10.07.59-Rec,135,2,11181,11221,21925,21965,40,13661,0.68305,10744
2024.03.05-10.07.59-Rec,180,0,2803,2843,13547,13587,40,13661,0.68305,10744
2024.03.05-10.07.59-Rec,180,1,7323,7363,18067,18107,40,13661,0.68305,10744
2024.03.05-10.07.59-Rec,180,2,11843,11883,22587,22627,40,13661,0.68305,10744
2024.03.05-10.07.59-Rec,225,0,2911,2951,13655,13695,40,13661,0.68305,10744
2024.03.05-10.07.59-Rec,225,1,7431,7471,18175,18215,40,13661,0.68305,10744
2024.03.05-10.07.59-Rec,225,2,11951,11991,22695,22735,40,13661,0.68305,10744
2024.03.05-10.07.59-Rec,270,0,3456,3496,14200,14240,40,13661,0.68305,10744
2024.03.05-10.07.59-Rec,270,1,7976,8016,18720,18760,40,13661,0.68305,10744
2024.03.05-10.07.59-Rec,270,2,12496,12536,23240,23280,40,13661,0.68305,10744
2024.03.05-10.07.59-Rec,315,0,4000,4040,14744,14784,40,13661,0.68305,10744
2024.03.05-10.07.59-Rec,315,1,8520,8560,19264,19304,40,13661,0.68305,10744
2024.03.05-10.07.59-Rec,315,2,13040,13080,23784,23824,40,13661,0.68305,10744
2024.03.05-10.07.59-Rec,45,0,1030,1070,11774,11814,40,13661,0.68305,10744
2024.03.05-10.07.59-Rec,45,1,5550,5590,16294,16334,40,13661,0.68305,10744
2024.03.05-10.07.59-Rec,45,2,10070,10110,20814,20854,40,13661,0.68305,10744
2024.03.05-10.07.59-Rec,90,0,1585,1625,12329,12369,40,13661,0.68305,10744
2024.03.05-10.07.59-Rec,90,1,6105,6145,16849,16889,40,13661,0.68305,10744
2024.03.05-10.07.59-Rec,90,2,10625,10665,21369,21409,40,13661,0.68305,10744
2024.03.05-10.41.23-Rec,0,0,392,432,11136,11176,40,13699,0.68495,10744
2024.03.05-10.41.23-Rec,0,1,4912,4952,15656,15696,40,13699,0.68495,10744
2024.03.05-10.41.23-Rec,0,2,9432,9472,20176,20216,40,13699,0.68495,10744
2024.03.05-10.41.23-Rec,135,0,2028,2068,12772,12812,40,13699,0.68495,10744
2024.03.05-10.41.23-Rec,135,1,6548,6588,17292,17332,40,13699,0.68495,10744
2024.03.05-10.41.23-Rec,135,2,11068,11108,21812,21852,40,13699,0.68495,10744
2024.03.05-10.41.23-Rec,180,0,2449,2489,13193,13233,40,13699,0.68495,10744
2024.03.05-10.41.23-Rec,180,1,6969,7009,17713,17753,40,13699,0.68495,10744
2024.03.05-10.41.23-Rec,180,2,11489,11529,22233,22273,40,13699,0.68495,10744
2024.03.05-10.41.23-Rec,225,0,2880,2920,13624,13664,40,13699,0.68495,10744
2024.03.05-10.41.23-Rec,225,1,7400,7440,18144,18184,40,13699,0.68495,10744
2024.03.05-10.41.23-Rec,225,2,11920,11960,22664,22704,40,13699,0.68495,10744
2024.03.05-10.41.23-Rec,270,0,3656,3696,14400,14440,40,13699,0.68495,10744
2024.03.05-10.41.23-Rec,270,1,8176,8216,18920,18960,40,13699,0.68495,10744
2024.03.05-10.41.23-Rec,270,2,12696,12736,23440,23480,40,13699,0.68495,10744
2024.03.05-10.41.23-Rec,315,0,4113,4153,14857,14897,40,13699,0.68495,10744
2024.03.05-10.41.23-Rec,315,1,8633,8673,19377,19417,40,13699,0.68495,10744
2024.03.05-10.41.23-Rec,315,2,13153,13193,23897,23937,40,13699,0.68495,10744
2024.03.05-10.41.23-Rec,45,0,1171,1211,11915,11955,40,13699,0.68495,10744
2024.03.05-10.41.23-Rec,45,1,5691,5731,16435,16475,40,13699,0.68495,10744
2024.03.05-10.41.23-Rec,45,2,10211,10251,20955,20995,40,13699,0.68495,10744
2024.03.05-10.41.23-Rec,90,0,1385,1425,12129,12169,40,13699,0.68495,10744
2024.03.05-10.41.23-Rec,90,1,5905,5945,16649,16689,40,13699,0.68495,10744
2024.03.05-10.41.23-Rec,90,2,10425,10465,21169,21209,40,13699,0.68495,10744
2024.03.05-11.16.27-Rec,0,0,392,432,11136,11176,40,13707,0.68535,10744
2024.03.05-11.16.27-Rec,0,1,4912,4952,15656,15696,40,13707,0.68535,10744
2024.03.05-11.16.27-Rec,0,2,9432,9472,20176,20216,40,13707,0.68535,10744
2024.03.05-11.16.27-Rec,135,0,2220,2260,12964,13004,40,13707,0.68535,10744
2024.03.05-11.16.27-Rec,135,1,6740,6780,17484,17524,40,13707,0.68535,10744
2024.03.05-11.16.27-Rec,135,2,11260,11300,22004,22044,40,13707,0.68535,10744
2024.03.05-11.16.27-Rec,180,0,2559,2599,13303,13343,40,13707,0.68535,10744
2024.03.05-11.16.27-Rec,180,1,7079,7119,17823,17863,40,13707,0.68535,10744
2024.03.05-11.16.27-Rec,180,2,11599,11639,22343,22383,40,13707,0.68535,10744
2024.03.05-11.16.27-Rec,225,0,3018,3058,13762,13802,40,13707,0.68535,10744
2024.03.05-11.16.27-Rec,225,1,7538,7578,18282,18322,40,13707,0.68535,10744
2024.03.05-11.16.27-Rec,225,2,12058,12098,22802,22842,40,13707,0.68535,10744
2024.03.05-11.16.27-Rec,270,0,3696,3736,14440,14480,40,13707,0.68535,10744
2024.03.05-11.16.27-Rec,270,1,8216,8256,18960,19000,40,13707,0.68535,10744
2024.03.05-11.16.27-Rec,270,2,12736,12776,23480,23520,40,13707,0.68535,10744
2024.03.05-11.16.27-Rec,315,0,4031,4071,14775,14815,40,13707,0.68535,10744
2024.03.05-11.16.27-Rec,315,1,8551,8591,19295,19335,40,13707,0.68535,10744
2024.03.05-11.16.27-Rec,315,2,13071,13111,23815,23855,40,13707,0.68535,10744
2024.03.05-11.16.27-Rec,45,0,923,963,11667,11707,40,13707,0.68535,10744
2024.03.05-11.16.27-Rec,45,1,5443,5483,16187,16227,40,13707,0.68535,10744
2024.03.05-11.16.27-Rec,45,2,9963,10003,20707,20747,40,13707,0.68535,10744
2024.03.05-11.16.27-Rec,90,0,1345,1385,12089,12129,40,13707,0.68535,10744
2024.03.05-11.16.27-Rec,90,1,5865,5905,16609,16649,40,13707,0.68535,10744
2024.03.05-11.16.27-Rec,90,2,10385,10425,21129,21169,40,13707,0.68535,10744
2024.03.05-11.51.39-Rec,0,0,368,408,11112,11152,40,13703,0.68515,10744
2024.03.05-11.51.39-Rec,0,1,4888,4928,15632,15672,40,13703,0.68515,10744
2024.03.05-11.51.39-Rec,0,2,9408,9448,20152,20192,40,13703,0.68515,10744
2024.03.05-11.51.39-Rec,135,0,1825,1865,12569,12609,40,13703,0.68515,10744
2024.03.05-11.51.39-Rec,135,1,6345,6385,17089,17129,40,13703,0.68515,10744
2024.03.05-11.51.39-Rec,135,2,10865,10905,21609,21649,40,13703,0.68515,10744
2024.03.05-11.51.39-Rec,180,0,2473,2513,13217,13257,40,13703,0.68515,10744
2024.03.05-11.51.39-Rec,180,1,6993,7033,17737,17777,40,13703,0.68515,10744
2024.03.05-11.51.39-Rec,180,2,11513,11553,22257,22297,40,13703,0.68515,10744
2024.03.05-11.51.39-Rec,225,0,3007,3047,13751,13791,40,13703,0.68515,10744
2024.03.05-11.51.39-Rec,225,1,7527,7567,18271,18311,40,13703,0.68515,10744
2024.03.05-11.51.39-Rec,225,2,12047,12087,22791,22831,40,13703,0.68515,10744
2024.03.05-11.51.39-Rec,270,0,3436,3476,14180,14220,40,13703,0.68515,10744
2024.03.05-11.51.39-Rec,270,1,7956,7996,18700,18740,40,13703,0.68515,10744
2024.03.05-11.51.39-Rec,270,2,12476,12516,23220,23260,40,13703,0.68515,10744
2024.03.05-11.51.39-Rec,315,0,4316,4356,15060,15100,40,13703,0.68515,10744
2024.03.05-11.51.39-Rec,315,1,8836,8876,19580,19620,40,13703,0.68515,10744
2024.03.05-11.51.39-Rec,315,2,13356,13396,24100,24140,40,13703,0.68515,10744
2024.03.05-11.51.39-Rec,45,0,934,974,11678,11718,40,13703,0.68515,10744
2024.03.05-11.51.39-Rec,45,1,5454,5494,16198,16238,40,13703,0.68515,10744
2024.03.05-11.51.39-Rec,45,2,9974,10014,20718,20758,40,13703,0.68515,10744
2024.03.05-11.51.39-Rec,90,0,1605,1645,12349,12389,40,13703,0.68515,10744
2024.03.05-11.51.39-Rec,90,1,6125,6165,16869,16909,40,13703,0.68515,10744
2024.03.05-11.51.39-Rec,90,2,10645,10685,21389,21429,40,13703,0.68515,10744
2024.03.05-12.27.13-Rec,0,0,372,412,11116,11156,40,13702,0.6851,10744
2024.03.05-12.27.13-Rec,0,1,4892,4932,15636,15676,40,13702,0.6851,10744
2024.03.05-12.27.13-Rec,0,2,9412,9452,20156,20196,40,13702,0.6851,10744
2024.03.05-12.27.13-Rec,135,0,1935,1975,12679,12719,40,13702,0.6851,10744
2024.03.05-12.27.13-Rec,135,1,6455,6495,17199,17239,40,13702,0.6851,10744
2024.03.05-12.27.13-Rec,135,2,10975,11015,21719,21759,40,13702,0.6851,10744
2024.03.05-12.27.13-Rec,180,0,2579,2619,13323,13363,40,13702,0.6851,10744
2024.03.05-12.27.13-Rec,180,1,7099,7139,17843,17883,40,13702,0.6851,10744
2024.03.05-12.27.13-Rec,180,2,11619,11659,22363,22403,40,13702,0.6851,10744
2024.03.05-12.27.13-Rec,225,0,3001,3041,13745,13785,40,13702,0.6851,10744
2024.03.05-12.27.13-Rec,225,1,7521,7561,18265,18305,40,13702,0.6851,10744
2024.03.05-12.27.13-Rec,225,2,12041,12081,22785,22825,40,13702,0.6851,10744
2024.03.05-12.27.13-Rec,270,0,3432,3472,14176,14216,40,13702,0.6851,10744
2024.03.05-12.27.13-Rec,270,1,7952,7992,18696,18736,40,13702,0.6851,10744
2024.03.05-12.27.13-Rec,270,2,12472,12512,23216,23256,40,13702,0.6851,10744
2024.03.05-12.27.13-Rec,315,0,4316,4356,15060,15100,40,13702,0.6851,10744
2024.03.05-12.27.13-Rec,315,1,8836,8876,19580,19620,40,13702,0.6851,10744
2024.03.05-12.27.13-Rec,315,2,13356,13396,24100,24140,40,13702,0.6851,10744
2024.03.05-12.27.13-Rec,45,0,940,980,11684,11724,40,13702,0.6851,10744
2024.03.05-12.27.13-Rec,45,1,5460,5500,16204,16244,40,13702,0.6851,10744
2024.03.05-12.27.13-Rec,45,2,9980,10020,20724,20764,40,13702,0.6851,10744
2024.03.05-12.27.13-Rec,90,0,1719,1759,12463,12503,40,13702,0.6851,10744
2024.03.05-12.27.13-Rec,90,1,6239,6279,16983,17023,40,13702,0.6851,10744
2024.03.05-12.27.13-Rec,90,2,10759,10799,21503,21543,40,13702,0.6851,10744
2024.03.05-13.03.51-Rec,0,0,364,404,11108,11148,40,13717,0.68585,10744
2024.03.05-13.03.51-Rec,0,1,4884,4924,15628,15668,40,13717,0.68585,10744
2024.03.05-13.03.51-Rec,0,2,9404,9444,20148,20188,40,13717,0.68585,10744
2024.03.05-13.03.51-Rec,135,0,2020,2060,12764,12804,40,13717,0.68585,10744
2024.03.05-13.03.51-Rec,135,1,6540,6580,17284,17324,40,13717,0.68585,10744
2024.03.05-13.03.51-Rec,135,2,11060,11100,21804,21844,40,13717,0.68585,10744
2024.03.05-13.03.51-Rec,180,0,2587,2627,13331,13371,40,13717,0.68585,10744
2024.03.05-13.03.51-Rec,180,1,7107,7147,17851,17891,40,13717,0.68585,10744
2024.03.05-13.03.51-Rec,180,2,11627,11667,22371,22411,40,13717,0.68585,10744
2024.03.05-13.03.51-Rec,225,0,3258,3298,14002,14042,40,13717,0.68585,10744
2024.03.05-13.03.51-Rec,225,1,7778,7818,18522,18562,40,13717,0.68585,10744
2024.03.05-13.03.51-Rec,225,2,12298,12338,23042,23082,40,13717,0.68585,10744
2024.03.05-13.03.51-Rec,270,0,3586,3626,14330,14370,40,13717,0.68585,10744
2024.03.05-13.03.51-Rec,270,1,8106,8146,18850,18890,40,13717,0.68585,10744
2024.03.05-13.03.51-Rec,270,2,12626,12666,23370,23410,40,13717,0.68585,10744
2024.03.05-13.03.51-Rec,315,0,4231,4271,14975,15015,40,13717,0.68585,10744
2024.03.05-13.03.51-Rec,315,1,8751,8791,19495,19535,40,13717,0.68585,10744
2024.03.05-13.03.51-Rec,315,2,13271,13311,24015,24055,40,13717,0.68585,10744
2024.03.05-13.03.51-Rec,45,0,683,723,11427,11467,40,13717,0.68585,10744
2024.03.05-13.03.51-Rec,45,1,5203,5243,15947,15987,40,13717,0.68585,10744
2024.03.05-13.03.51-Rec,45,2,9723,9763,20467,20507,40,13717,0.68585,10744
2024.03.05-13.03.51-Rec,90,0,1565,1605,12309,12349,40,13717,0.68585,10744
2024.03.05-13.03.51-Rec,90,1,6085,6125,16829,16869,40,13717,0.68585,10744
2024.03.05-13.03.51-Rec,90,2,10605,10645,21349,21389,40,13717,0.68585,10744
2024.03.05-13.37.13-Rec,0,0,140,180,10884,10924,40,13718,0.6859,10744
2024.03.05-13.37.13-Rec,0,1,4660,4700,15404,15444,40,13718,0.6859,10744
2024.03.05-13.37.13-Rec,0,2,9180,9220,19924,19964,40,13718,0.6859,10744
2024.03.05-13.37.13-Rec,135,0,2147,2187,12891,12931,40,13718,0.6859,10744
2024.03.05-13.37.13-Rec,135,1,6667,6707,17411,17451,40,13718,0.6859,10744
2024.03.05-13.37.13-Rec,135,2,11187,11227,21931,21971,40,13718,0.6859,10744
2024.03.05-13.37.13-Rec,180,0,2811,2851,13555,13595,40,13718,0.6859,10744
2024.03.05-13.37.13-Rec,180,1,7331,7371,18075,18115,40,13718,0.6859,10744
2024.03.05-13.37.13-Rec,180,2,11851,11891,22595,22635,40,13718,0.6859,10744
2024.03.05-13.37.13-Rec,225,0,3027,3067,13771,13811,40,13718,0.6859,10744
2024.03.05-13.37.13-Rec,225,1,7547,7587,18291,18331,40,13718,0.6859,10744
2024.03.05-13.37.13-Rec,225,2,12067,12107,22811,22851,40,13718,0.6859,10744
2024.03.05-13.37.13-Rec,270,0,3566,3606,14310,14350,40,13718,0.6859,10744
2024.03.05-13.37.13-Rec,270,1,8086,8126,18830,18870,40,13718,0.6859,10744
2024.03.05-13.37.13-Rec,270,2,12606,12646,23350,23390,40,13718,0.6859,10744
2024.03.05-13.37.13-Rec,315,0,4104,4144,14848,14888,40,13718,0.6859,10744
2024.03.05-13.37.13-Rec,315,1,8624,8664,19368,19408,40,13718,0.6859,10744
2024.03.05-13.37.13-Rec,315,2,13144,13184,23888,23928,40,13718,0.6859,10744
2024.03.05-13.37.13-Rec,45,0,1024,1064,11768,11808,40,13718,0.6859,10744
2024.03.05-13.37.13-Rec,45,1,5544,5584,16288,16328,40,13718,0.6859,10744
2024.03.05-13.37.13-Rec,45,2,10064,10104,20808,20848,40,13718,0.6859,10744
2024.03.05-13.37.13-Rec,90,0,1475,1515,12219,12259,40,13718,0.6859,10744
2024.03.05-13.37.13-Rec,90,1,5995,6035,16739,16779,40,13718,0.6859,10744
2024.03.05-13.37.13-Rec,90,2,10515,10555,21259,21299,40,13718,0.6859,10744
2024.03.05-14.13.33-Rec,0,0,584,624,11328,11368,40,13712,0.6856,10744
2024.03.05-14.13.33-Rec,0,1,5104,5144,15848,15888,40,13712,0.6856,10744
2024.03.05-14.13.33-Rec,0,2,9624,9664,20368,20408,40,13712,0.6856,10744
2024.03.05-14.13.33-Rec,135,0,2147,2187,12891,12931,40,13712,0.6856,10744
2024.03.05-14.13.33-Rec,135,1,6667,6707,17411,17451,40,13712,0.6856,10744
2024.03.05-14.13.33-Rec,135,2,11187,11227,21931,21971,40,13712,0.6856,10744
2024.03.05-14.13.33-Rec,180,0,2367,2407,13111,13151,40,13712,0.6856,10744
2024.03.05-14.13.33-Rec,180,1,6887,6927,17631,17671,40,13712,0.6856,10744
2024.03.05-14.13.33-Rec,180,2,11407,11447,22151,22191,40,13712,0.6856,10744
2024.03.05-14.13.33-Rec,225,0,3021,3061,13765,13805,40,13712,0.6856,10744
2024.03.05-14.13.33-Rec,225,1,7541,7581,18285,18325,40,13712,0.6856,10744
2024.03.05-14.13.33-Rec,225,2,12061,12101,22805,22845,40,13712,0.6856,10744
2024.03.05-14.13.33-Rec,270,0,3562,3602,14306,14346,40,13712,0.6856,10744
2024.03.05-14.13.33-Rec,270,1,8082,8122,18826,18866,40,13712,0.6856,10744
2024.03.05-14.13.33-Rec,270,2,12602,12642,23346,23386,40,13712,0.6856,10744
2024.03.05-14.13.33-Rec,315,0,3994,4034,14738,14778,40,13712,0.6856,10744
2024.03.05-14.13.33-Rec,315,1,8514,8554,19258,19298,40,13712,0.6856,10744
2024.03.05-14.13.33-Rec,315,2,13034,13074,23778,23818,40,13712,0.6856,10744
2024.03.05-14.13.33-Rec,45,0,1030,1070,11774,11814,40,13712,0.6856,10744
2024.03.05-14.13.33-Rec,45,1,5550,5590,16294,16334,40,13712,0.6856,10744
2024.03.05-14.13.33-Rec,45,2,10070,10110,20814,20854,40,13712,0.6856,10744
2024.03.05-14.13.33-Rec,90,0,1589,1629,12333,12373,40,13712,0.6856,10744
2024.03.05-14.13.33-Rec,90,1,6109,6149,16853,16893,40,13712,0.6856,10744
2024.03.05-14.13.33-Rec,90,2,10629,10669,21373,21413,40,13712,0.6856,10744
2024.03.05-14.49.23-Rec,0,0,388,428,11132,11172,40,13714,0.6857,10744
2024.03.05-14.49.23-Rec,0,1,4908,4948,15652,15692,40,13714,0.6857,10744
2024.03.05-14.49.23-Rec,0,2,9428,9468,20172,20212,40,13714,0.6857,10744
2024.03.05-14.49.23-Rec,135,0,2113,2153,12857,12897,40,13714,0.6857,10744
2024.03.05-14.49.23-Rec,135,1,6633,6673,17377,17417,40,13714,0.6857,10744
2024.03.05-14.49.23-Rec,135,2,11153,11193,21897,21937,40,13714,0.6857,10744
2024.03.05-14.49.23-Rec,180,0,2563,2603,13307,13347,40,13714,0.6857,10744
2024.03.05-14.49.23-Rec,180,1,7083,7123,17827,17867,40,13714,0.6857,10744
2024.03.05-14.49.23-Rec,180,2,11603,11643,22347,22387,40,13714,0.6857,10744
2024.03.05-14.49.23-Rec,225,0,3131,3171,13875,13915,40,13714,0.6857,10744
2024.03.05-14.49.23-Rec,225,1,7651,7691,18395,18435,40,13714,0.6857,10744
2024.03.05-14.49.23-Rec,225,2,12171,12211,22915,22955,40,13714,0.6857,10744
2024.03.05-14.49.23-Rec,270,0,3806,3846,14550,14590,40,13714,0.6857,10744
2024.03.05-14.49.23-Rec,270,1,8326,8366,19070,19110,40,13714,0.6857,10744
2024.03.05-14.49.23-Rec,270,2,12846,12886,23590,23630,40,13714,0.6857,10744
2024.03.05-14.49.23-Rec,315,0,4028,4068,14772,14812,40,13714,0.6857,10744
2024.03.05-14.49.23-Rec,315,1,8548,8588,19292,19332,40,13714,0.6857,10744
2024.03.05-14.49.23-Rec,315,2,13068,13108,23812,23852,40,13714,0.6857,10744
2024.03.05-14.49.23-Rec,45,0,920,960,11664,11704,40,13714,0.6857,10744
2024.03.05-14.49.23-Rec,45,1,5440,5480,16184,16224,40,13714,0.6857,10744
2024.03.05-14.49.23-Rec,45,2,9960,10000,20704,20744,40,13714,0.6857,10744
2024.03.05-14.49.23-Rec,90,0,1345,1385,12089,12129,40,13714,0.6857,10744
2024.03.05-14.49.23-Rec,90,1,5865,5905,16609,16649,40,13714,0.6857,10744
2024.03.05-14.49.23-Rec,90,2,10385,10425,21129,21169,40,13714,0.6857,10744
2024.03.05-15.26.36-Rec,0,0,466,506,11210,11250,40,13716,0.6858,10744
2024.03.05-15.26.36-Rec,0,1,4986,5026,15730,15770,40,13716,0.6858,10744
2024.03.05-15.26.36-Rec,0,2,9506,9546,20250,20290,40,13716,0.6858,10744
2024.03.05-15.26.36-Rec,135,0,2158,2198,12902,12942,40,13716,0.6858,10744
2024.03.05-15.26.36-Rec,135,1,6678,6718,17422,17462,40,13716,0.6858,10744
2024.03.05-15.26.36-Rec,135,2,11198,11238,21942,21982,40,13716,0.6858,10744
2024.03.05-15.26.36-Rec,180,0,2485,2525,13229,13269,40,13716,0.6858,10744
2024.03.05-15.26.36-Rec,180,1,7005,7045,17749,17789,40,13716,0.6858,10744
2024.03.05-15.26.36-Rec,180,2,11525,11565,22269,22309,40,13716,0.6858,10744
2024.03.05-15.26.36-Rec,225,0,3131,3171,13875,13915,40,13716,0.6858,10744
2024.03.05-15.26.36-Rec,225,1,7651,7691,18395,18435,40,13716,0.6858,10744
2024.03.05-15.26.36-Rec,225,2,12171,12211,22915,22955,40,13716,0.6858,10744
2024.03.05-15.26.36-Rec,270,0,3554,3594,14298,14338,40,13716,0.6858,10744
2024.03.05-15.26.36-Rec,270,1,8074,8114,18818,18858,40,13716,0.6858,10744
2024.03.05-15.26.36-Rec,270,2,12594,12634,23338,23378,40,13716,0.6858,10744
2024.03.05-15.26.36-Rec,315,0,3983,4023,14727,14767,40,13716,0.6858,10744
2024.03.05-15.26.36-Rec,315,1,8503,8543,19247,19287,40,13716,0.6858,10744
2024.03.05-15.26.36-Rec,315,2,13023,13063,23767,23807,40,13716,0.6858,10744
2024.03.05-15.26.36-Rec,45,0,920,960,11664,11704,40,13716,0.6858,10744
2024.03.05-15.26.36-Rec,45,1,5440,5480,16184,16224,40,13716,0.6858,10744
2024.03.05-15.26.36-Rec,45,2,9960,10000,20704,20744,40,13716,0.6858,10744
2024.03.05-15.26.36-Rec,90,0,1487,1527,12231,12271,40,13716,0.6858,10744
2024.03.05-15.26.36-Rec,90,1,6007,6047,16751,16791,40,13716,0.6858,10744
2024.03.05-15.26.36-Rec,90,2,10527,10567,21271,21311,40,13716,0.6858,10744
2024.03.07-10.12.28-Rec,0,0,466,506,11210,11250,40,13677,0.68385,10744
2024.03.07-10.12.28-Rec,0,1,4986,5026,15730,15770,40,13677,0.68385,10744
2024.03.07-10.12.28-Rec,0,2,9506,9546,20250,20290,40,13677,0.68385,10744
2024.03.07-10.12.28-Rec,135,0,2155,2195,12899,12939,40,13677,0.68385,10744
2024.03.07-10.12.28-Rec,135,1,6675,6715,17419,17459,40,13677,0.68385,10744
2024.03.07-10.12.28-Rec,135,2,11195,11235,21939,21979,40,13677,0.68385,10744
2024.03.07-10.12.28-Rec,180,0,2375,2415,13119,13159,40,13677,0.68385,10744
2024.03.07-10.12.28-Rec,180,1,6895,6935,17639,17679,40,13677,0.68385,10744
2024.03.07-10.12.28-Rec,180,2,11415,11455,22159,22199,40,13677,0.68385,10744
2024.03.07-10.12.28-Rec,225,0,3024,3064,13768,13808,40,13677,0.68385,10744
2024.03.07-10.12.28-Rec,225,1,7544,7584,18288,18328,40,13677,0.68385,10744
2024.03.07-10.12.28-Rec,225,2,12064,12104,22808,22848,40,13677,0.68385,10744
2024.03.07-10.12.28-Rec,270,0,3558,3598,14302,14342,40,13677,0.68385,10744
2024.03.07-10.12.28-Rec,270,1,8078,8118,18822,18862,40,13677,0.68385,10744
2024.03.07-10.12.28-Rec,270,2,12598,12638,23342,23382,40,13677,0.68385,10744
2024.03.07-10.12.28-Rec,315,0,3986,4026,14730,14770,40,13677,0.68385,10744
2024.03.07-10.12.28-Rec,315,1,8506,8546,19250,19290,40,13677,0.68385,10744
2024.03.07-10.12.28-Rec,315,2,13026,13066,23770,23810,40,13677,0.68385,10744
2024.03.07-10.12.28-Rec,45,0,917,957,11661,11701,40,13677,0.68385,10744
2024.03.07-10.12.28-Rec,45,1,5437,5477,16181,16221,40,13677,0.68385,10744
2024.03.07-10.12.28-Rec,45,2,9957,9997,20701,20741,40,13677,0.68385,10744
2024.03.07-10.12.28-Rec,90,0,1483,1523,12227,12267,40,13677,0.68385,10744
2024.03.07-10.12.28-Rec,90,1,6003,6043,16747,16787,40,13677,0.68385,10744
2024.03.07-10.12.28-Rec,90,2,10523,10563,21267,21307,40,13677,0.68385,10744
2024.03.07-10.46.01-Rec,0,0,376,416,11120,11160,40,13702,0.6851,10744
2024.03.07-10.46.01-Rec,0,1,4896,4936,15640,15680,40,13702,0.6851,10744
2024.03.07-10.46.01-Rec,0,2,9416,9456,20160,20200,40,13702,0.6851,10744
2024.03.07-10.46.01-Rec,135,0,1932,1972,12676,12716,40,13702,0.6851,10744
2024.03.07-10.46.01-Rec,135,1,6452,6492,17196,17236,40,13702,0.6851,10744
2024.03.07-10.46.01-Rec,135,2,10972,11012,21716,21756,40,13702,0.6851,10744
2024.03.07-10.46.01-Rec,180,0,2575,2615,13319,13359,40,13702,0.6851,10744
2024.03.07-10.46.01-Rec,180,1,7095,7135,17839,17879,40,13702,0.6851,10744
2024.03.07-10.46.01-Rec,180,2,11615,11655,22359,22399,40,13702,0.6851,10744
2024.03.07-10.46.01-Rec,225,0,2999,3039,13743,13783,40,13702,0.6851,10744
2024.03.07-10.46.01-Rec,225,1,7519,7559,18263,18303,40,13702,0.6851,10744
2024.03.07-10.46.01-Rec,225,2,12039,12079,22783,22823,40,13702,0.6851,10744
2024.03.07-10.46.01-Rec,270,0,3872,3912,14616,14656,40,13702,0.6851,10744
2024.03.07-10.46.01-Rec,270,1,8392,8432,19136,19176,40,13702,0.6851,10744
2024.03.07-10.46.01-Rec,270,2,12912,12952,23656,23696,40,13702,0.6851,10744
2024.03.07-10.46.01-Rec,315,0,4209,4249,14953,14993,40,13702,0.6851,10744
2024.03.07-10.46.01-Rec,315,1,8729,8769,19473,19513,40,13702,0.6851,10744
2024.03.07-10.46.01-Rec,315,2,13249,13289,23993,24033,40,13702,0.6851,10744
2024.03.07-10.46.01-Rec,45,0,942,982,11686,11726,40,13702,0.6851,10744
2024.03.07-10.46.01-Rec,45,1,5462,5502,16206,16246,40,13702,0.6851,10744
2024.03.07-10.46.01-Rec,45,2,9982,10022,20726,20766,40,13702,0.6851,10744
2024.03.07-10.46.01-Rec,90,0,1279,1319,12023,12063,40,13702,0.6851,10744
2024.03.07-10.46.01-Rec,90,1,5799,5839,16543,16583,40,13702,0.6851,10744
2024.03.07-10.46.01-Rec,90,2,10319,10359,21063,21103,40,13702,0.6851,10744
2024.03.07-11.26.07-Rec,0,0,372,412,11116,11156,40,13702,0.6851,10744
2024.03.07-11.26.07-Rec,0,1,4892,4932,15636,15676,40,13702,0.6851,10744
2024.03.07-11.26.07-Rec,0,2,9412,9452,20156,20196,40,13702,0.6851,10744
2024.03.07-11.26.07-Rec,135,0,1932,1972,12676,12716,40,13702,0.6851,10744
2024.03.07-11.26.07-Rec,135,1,6452,6492,17196,17236,40,13702,0.6851,10744
2024.03.07-11.26.07-Rec,135,2,10972,11012,21716,21756,40,13702,0.6851,10744
2024.03.07-11.26.07-Rec,180,0,2469,2509,13213,13253,40,13702,0.6851,10744
2024.03.07-11.26.07-Rec,180,1,6989,7029,17733,17773,40,13702,0.6851,10744
2024.03.07-11.26.07-Rec,180,2,11509,11549,22253,22293,40,13702,0.6851,10744
2024.03.07-11.26.07-Rec,225,0,3004,3044,13748,13788,40,13702,0.6851,10744
2024.03.07-11.26.07-Rec,225,1,7524,7564,18268,18308,40,13702,0.6851,10744
2024.03.07-11.26.07-Rec,225,2,12044,12084,22788,22828,40,13702,0.6851,10744
2024.03.07-11.26.07-Rec,270,0,3436,3476,14180,14220,40,13702,0.6851,10744
2024.03.07-11.26.07-Rec,270,1,7956,7996,18700,18740,40,13702,0.6851,10744
2024.03.07-11.26.07-Rec,270,2,12476,12516,23220,23260,40,13702,0.6851,10744
2024.03.07-11.26.07-Rec,315,0,4319,4359,15063,15103,40,13702,0.6851,10744
2024.03.07-11.26.07-Rec,315,1,8839,8879,19583,19623,40,13702,0.6851,10744
2024.03.07-11.26.07-Rec,315,2,13359,13399,24103,24143,40,13702,0.6851,10744
2024.03.07-11.26.07-Rec,45,0,937,977,11681,11721,40,13702,0.6851,10744
2024.03.07-11.26.07-Rec,45,1,5457,5497,16201,16241,40,13702,0.6851,10744
2024.03.07-11.26.07-Rec,45,2,9977,10017,20721,20761,40,13702,0.6851,10744
2024.03.07-11.26.07-Rec,90,0,1715,1755,12459,12499,40,13702,0.6851,10744
2024.03.07-11.26.07-Rec,90,1,6235,6275,16979,17019,40,13702,0.6851,10744
2024.03.07-11.26.07-Rec,90,2,10755,10795,21499,21539,40,13702,0.6851,10744
2024.03.07-12.00.14-Rec,0,0,384,424,11128,11168,40,13699,0.68495,10744
2024.03.07-12.00.14-Rec,0,1,4904,4944,15648,15688,40,13699,0.68495,10744
2024.03.07-12.00.14-Rec,0,2,9424,9464,20168,20208,40,13699,0.68495,10744
2024.03.07-12.00.14-Rec,135,0,2113,2153,12857,12897,40,13699,0.68495,10744
2024.03.07-12.00.14-Rec,135,1,6633,6673,17377,17417,40,13699,0.68495,10744
2024.03.07-12.00.14-Rec,135,2,11153,11193,21897,21937,40,13699,0.68495,10744
2024.03.07-12.00.14-Rec,180,0,2567,2607,13311,13351,40,13699,0.68495,10744
2024.03.07-12.00.14-Rec,180,1,7087,7127,17831,17871,40,13699,0.68495,10744
2024.03.07-12.00.14-Rec,180,2,11607,11647,22351,22391,40,13699,0.68495,10744
2024.03.07-12.00.14-Rec,225,0,3137,3177,13881,13921,40,13699,0.68495,10744
2024.03.07-12.00.14-Rec,225,1,7657,7697,18401,18441,40,13699,0.68495,10744
2024.03.07-12.00.14-Rec,225,2,12177,12217,22921,22961,40,13699,0.68495,10744
2024.03.07-12.00.14-Rec,270,0,3810,3850,14554,14594,40,13699,0.68495,10744
2024.03.07-12.00.14-Rec,270,1,8330,8370,19074,19114,40,13699,0.68495,10744
2024.03.07-12.00.14-Rec,270,2,12850,12890,23594,23634,40,13699,0.68495,10744
2024.03.07-12.00.14-Rec,315,0,4138,4178,14882,14922,40,13699,0.68495,10744
2024.03.07-12.00.14-Rec,315,1,8658,8698,19402,19442,40,13699,0.68495,10744
2024.03.07-12.00.14-Rec,315,2,13178,13218,23922,23962,40,13699,0.68495,10744
2024.03.07-12.00.14-Rec,45,0,914,954,11658,11698,40,13699,0.68495,10744
2024.03.07-12.00.14-Rec,45,1,5434,5474,16178,16218,40,13699,0.68495,10744
2024.03.07-12.00.14-Rec,45,2,9954,9994,20698,20738,40,13699,0.68495,10744
2024.03.07-12.00.14-Rec,90,0,1231,1271,11975,12015,40,13699,0.68495,10744
2024.03.07-12.00.14-Rec,90,1,5751,5791,16495,16535,40,13699,0.68495,10744
2024.03.07-12.00.14-Rec,90,2,10271,10311,21015,21055,40,13699,0.68495,10744
2024.03.07-12.33.58-Rec,0,0,356,396,11100,11140,40,13702,0.6851,10744
2024.03.07-12.33.58-Rec,0,1,4876,4916,15620,15660,40,13702,0.6851,10744
2024.03.07-12.33.58-Rec,0,2,9396,9436,20140,20180,40,13702,0.6851,10744
2024.03.07-12.33.58-Rec,135,0,1836,1876,12580,12620,40,13702,0.6851,10744
2024.03.07-12.33.58-Rec,135,1,6356,6396,17100,17140,40,13702,0.6851,10744
2024.03.07-12.33.58-Rec,135,2,10876,10916,21620,21660,40,13702,0.6851,10744
2024.03.07-12.33.58-Rec,180,0,2595,2635,13339,13379,40,13702,0.6851,10744
2024.03.07-12.33.58-Rec,180,1,7115,7155,17859,17899,40,13702,0.6851,10744
2024.03.07-12.33.58-Rec,180,2,11635,11675,22379,22419,40,13702,0.6851,10744
2024.03.07-12.33.58-Rec,225,0,3233,3273,13977,14017,40,13702,0.6851,10744
2024.03.07-12.33.58-Rec,225,1,7753,7793,18497,18537,40,13702,0.6851,10744
2024.03.07-12.33.58-Rec,225,2,12273,12313,23017,23057,40,13702,0.6851,10744
2024.03.07-12.33.58-Rec,270,0,3542,3582,14286,14326,40,13702,0.6851,10744
2024.03.07-12.33.58-Rec,270,1,8062,8102,18806,18846,40,13702,0.6851,10744
2024.03.07-12.33.58-Rec,270,2,12582,12622,23326,23366,40,13702,0.6851,10744
2024.03.07-12.33.58-Rec,315,0,4415,4454,15159,15198,39,13360,0.668,10744
2024.03.07-12.33.58-Rec,315,1,8935,8974,19679,19718,39,13360,0.668,10744
2024.03.07-12.33.58-Rec,315,2,13455,13494,24199,24238,39,13360,0.668,10744
2024.03.07-12.33.58-Rec,45,0,818,858,11562,11602,40,13702,0.6851,10744
2024.03.07-12.33.58-Rec,45,1,5338,5378,16082,16122,40,13702,0.6851,10744
2024.03.07-12.33.58-Rec,45,2,9858,9898,20602,20642,40,13702,0.6851,10744
2024.03.07-12.33.58-Rec,90,0,1499,1539,12243,12283,40,13702,0.6851,10744
2024.03.07-12.33.58-Rec,90,1,6019,6059,16763,16803,40,13702,0.6851,10744
2024.03.07-12.33.58-Rec,90,2,10539,10579,21283,21323,40,13702,0.6851,10744
2024.03.07-13.08.00-Rec,0,0,380,420,11124,11164,40,13702,0.6851,10744
2024.03.07-13.08.00-Rec,0,1,4900,4940,15644,15684,40,13702,0.6851,10744
2024.03.07-13.08.00-Rec,0,2,9420,9460,20164,20204,40,13702,0.6851,10744
2024.03.07-13.08.00-Rec,135,0,2118,2158,12862,12902,40,13702,0.6851,10744
2024.03.07-13.08.00-Rec,135,1,6638,6678,17382,17422,40,13702,0.6851,10744
2024.03.07-13.08.00-Rec,135,2,11158,11198,21902,21942,40,13702,0.6851,10744
2024.03.07-13.08.00-Rec,180,0,2571,2611,13315,13355,40,13702,0.6851,10744
2024.03.07-13.08.00-Rec,180,1,7091,7131,17835,17875,40,13702,0.6851,10744
2024.03.07-13.08.00-Rec,180,2,11611,11651,22355,22395,40,13702,0.6851,10744
2024.03.07-13.08.00-Rec,225,0,3137,3177,13881,13921,40,13702,0.6851,10744
2024.03.07-13.08.00-Rec,225,1,7657,7697,18401,18441,40,13702,0.6851,10744
2024.03.07-13.08.00-Rec,225,2,12177,12217,22921,22961,40,13702,0.6851,10744
2024.03.07-13.08.00-Rec,270,0,3916,3956,14660,14700,40,13702,0.6851,10744
2024.03.07-13.08.00-Rec,270,1,8436,8476,19180,19220,40,13702,0.6851,10744
2024.03.07-13.08.00-Rec,270,2,12956,12996,23700,23740,40,13702,0.6851,10744
2024.03.07-13.08.00-Rec,315,0,4133,4173,14877,14917,40,13702,0.6851,10744
2024.03.07-13.08.00-Rec,315,1,8653,8693,19397,19437,40,13702,0.6851,10744
2024.03.07-13.08.00-Rec,315,2,13173,13213,23917,23957,40,13702,0.6851,10744
2024.03.07-13.08.00-Rec,45,0,804,844,11548,11588,40,13702,0.6851,10744
2024.03.07-13.08.00-Rec,45,1,5324,5364,16068,16108,40,13702,0.6851,10744
2024.03.07-13.08.00-Rec,45,2,9844,9884,20588,20628,40,13702,0.6851,10744
2024.03.07-13.08.00-Rec,90,0,1235,1275,11979,12019,40,13702,0.6851,10744
2024.03.07-13.08.00-Rec,90,1,5755,5795,16499,16539,40,13702,0.6851,10744
2024.03.07-13.08.00-Rec,90,2,10275,10315,21019,21059,40,13702,0.6851,10744
2024.03.07-13.44.26-Rec,0,0,466,506,11210,11250,40,13702,0.6851,10744
2024.03.07-13.44.26-Rec,0,1,4986,5026,15730,15770,40,13702,0.6851,10744
2024.03.07-13.44.26-Rec,0,2,9506,9546,20250,20290,40,13702,0.6851,10744
2024.03.07-13.44.26-Rec,135,0,2158,2198,12902,12942,40,13702,0.6851,10744
2024.03.07-13.44.26-Rec,135,1,6678,6718,17422,17462,40,13702,0.6851,10744
2024.03.07-13.44.26-Rec,135,2,11198,11238,21942,21982,40,13702,0.6851,10744
2024.03.07-13.44.26-Rec,180,0,2485,2525,13229,13269,40,13702,0.6851,10744
2024.03.07-13.44.26-Rec,180,1,7005,7045,17749,17789,40,13702,0.6851,10744
2024.03.07-13.44.26-Rec,180,2,11525,11565,22269,22309,40,13702,0.6851,10744
2024.03.07-13.44.26-Rec,225,0,3131,3171,13875,13915,40,13702,0.6851,10744
2024.03.07-13.44.26-Rec,225,1,7651,7691,18395,18435,40,13702,0.6851,10744
2024.03.07-13.44.26-Rec,225,2,12171,12211,22915,22955,40,13702,0.6851,10744
2024.03.07-13.44.26-Rec,270,0,3554,3594,14298,14338,40,13702,0.6851,10744
2024.03.07-13.44.26-Rec,270,1,8074,8114,18818,18858,40,13702,0.6851,10744
2024.03.07-13.44.26-Rec,270,2,12594,12634,23338,23378,40,13702,0.6851,10744
2024.03.07-13.44.26-Rec,315,0,3983,4023,14727,14767,40,13702,0.6851,10744
2024.03.07-13.44.26-Rec,315,1,8503,8543,19247,19287,40,13702,0.6851,10744
2024.03.07-13.44.26-Rec,315,2,13023,13063,23767,23807,40,13702,0.6851,10744
2024.03.07-13.44.26-Rec,45,0,920,960,11664,11704,40,13702,0.6851,10744
2024.03.07-13.44.26-Rec,45,1,5440,5480,16184,16224,40,13702,0.6851,10744
2024.03.07-13.44.26-Rec,45,2,9960,10000,20704,20744,40,13702,0.6851,10744
2024.03.07-13.44.26-Rec,90,0,1487,1527,12231,12271,40,13702,0.6851,10744
2024.03.07-13.44.26-Rec,90,1,6007,6047,16751,16791,40,13702,0.6851,10744
2024.03.07-13.44.26-Rec,90,2,10527,10567,21271,21311,40,13702,0.6851,10744
2024.03.14-10.47.08-Rec,0,0,152,192,10896,10936,40,13385,0.66925,10744
2024.03.14-10.47.08-Rec,0,1,4672,4712,15416,15456,40,13385,0.66925,10744
2024.03.14-10.47.08-Rec,0,2,9192,9232,19936,19976,40,13385,0.66925,10744
2024.03.14-10.47.08-Rec,135,0,2248,2288,12992,13032,40,13385,0.66925,10744
2024.03.14-10.47.08-Rec,135,1,6768,6808,17512,17552,40,13385,0.66925,10744
2024.03.14-10.47.08-Rec,135,2,11288,11328,22032,22072,40,13385,0.66925,10744
2024.03.14-10.47.08-Rec,180,0,2799,2839,13543,13583,40,13385,0.66925,10744
2024.03.14-10.47.08-Rec,180,1,7319,7359,18063,18103,40,13385,0.66925,10744
2024.03.14-10.47.08-Rec,180,2,11839,11879,22583,22623,40,13385,0.66925,10744
2024.03.14-10.47.08-Rec,225,0,2908,2948,13652,13692,40,13385,0.66925,10744
2024.03.14-10.47.08-Rec,225,1,7428,7468,18172,18212,40,13385,0.66925,10744
2024.03.14-10.47.08-Rec,225,2,11948,11988,22692,22732,40,13385,0.66925,10744
2024.03.14-10.47.08-Rec,270,0,3456,3496,14200,14240,40,13385,0.66925,10744
2024.03.14-10.47.08-Rec,270,1,7976,8016,18720,18760,40,13385,0.66925,10744
2024.03.14-10.47.08-Rec,270,2,12496,12536,23240,23280,40,13385,0.66925,10744
2024.03.14-10.47.08-Rec,315,0,4003,4043,14747,14787,40,13385,0.66925,10744
2024.03.14-10.47.08-Rec,315,1,8523,8563,19267,19307,40,13385,0.66925,10744
2024.03.14-10.47.08-Rec,315,2,13043,13083,23787,23827,40,13385,0.66925,10744
2024.03.14-10.47.08-Rec,45,0,1143,1183,11887,11927,40,13385,0.66925,10744
2024.03.14-10.47.08-Rec,45,1,5663,5703,16407,16447,40,13385,0.66925,10744
2024.03.14-10.47.08-Rec,45,2,10183,10223,20927,20967,40,13385,0.66925,10744
2024.03.14-10.47.08-Rec,90,0,1695,1735,12439,12479,40,13385,0.66925,10744
2024.03.14-10.47.08-Rec,90,1,6215,6255,16959,16999,40,13385,0.66925,10744
2024.03.14-10.47.08-Rec,90,2,10735,10775,21479,21519,40,13385,0.66925,10744
2024.03.14-12.24.26-Rec,0,0,364,404,11108,11148,40,13322,0.6661,10744
2024.03.14-12.24.26-Rec,0,1,4884,4924,15628,15668,40,13322,0.6661,10744
2024.03.14-12.24.26-Rec,0,2,9404,9444,20148,20188,40,13322,0.6661,10744
2024.03.14-12.24.26-Rec,135,0,1907,1947,12651,12691,40,13322,0.6661,10744
2024.03.14-12.24.26-Rec,135,1,6427,6467,17171,17211,40,13322,0.6661,10744
2024.03.14-12.24.26-Rec,135,2,10947,10987,21691,21731,40,13322,0.6661,10744
2024.03.14-12.24.26-Rec,180,0,2587,2627,13331,13371,40,13322,0.6661,10744
2024.03.14-12.24.26-Rec,180,1,7107,7147,17851,17891,40,13322,0.6661,10744
2024.03.14-12.24.26-Rec,180,2,11627,11667,22371,22411,40,13322,0.6661,10744
2024.03.14-12.24.26-Rec,225,0,3261,3301,14005,14045,40,13322,0.6661,10744
2024.03.14-12.24.26-Rec,225,1,7781,7821,18525,18565,40,13322,0.6661,10744
2024.03.14-12.24.26-Rec,225,2,12301,12341,23045,23085,40,13322,0.6661,10744
2024.03.14-12.24.26-Rec,270,0,3590,3630,14334,14374,40,13322,0.6661,10744
2024.03.14-12.24.26-Rec,270,1,8110,8150,18854,18894,40,13322,0.6661,10744
2024.03.14-12.24.26-Rec,270,2,12630,12670,23374,23414,40,13322,0.6661,10744
2024.03.14-12.24.26-Rec,315,0,4234,4274,14978,15018,40,13322,0.6661,10744
2024.03.14-12.24.26-Rec,315,1,8754,8794,19498,19538,40,13322,0.6661,10744
2024.03.14-12.24.26-Rec,315,2,13274,13314,24018,24058,40,13322,0.6661,10744
2024.03.14-12.24.26-Rec,45,0,680,720,11424,11464,40,13322,0.6661,10744
2024.03.14-12.24.26-Rec,45,1,5200,5240,15944,15984,40,13322,0.6661,10744
2024.03.14-12.24.26-Rec,45,2,9720,9760,20464,20504,40,13322,0.6661,10744
2024.03.14-12.24.26-Rec,90,0,1561,1601,12305,12345,40,13322,0.6661,10744
2024.03.14-12.24.26-Rec,90,1,6081,6121,16825,16865,40,13322,0.6661,10744
2024.03.14-12.24.26-Rec,90,2,10601,10641,21345,21385,40,13322,0.6661,10744
2024.03.14-13.00.17-Rec,0,0,160,200,10904,10944,40,13351,0.66755,10744
2024.03.14-13.00.17-Rec,0,1,4680,4720,15424,15464,40,13351,0.66755,10744
2024.03.14-13.00.17-Rec,0,2,9200,9240,19944,19984,40,13351,0.66755,10744
2024.03.14-13.00.17-Rec,135,0,1803,1843,12547,12587,40,13351,0.66755,10744
2024.03.14-13.00.17-Rec,135,1,6323,6363,17067,17107,40,13351,0.66755,10744
2024.03.14-13.00.17-Rec,135,2,10843,10883,21587,21627,40,13351,0.66755,10744
2024.03.14-13.00.17-Rec,180,0,2791,2831,13535,13575,40,13351,0.66755,10744
2024.03.14-13.00.17-Rec,180,1,7311,7351,18055,18095,40,13351,0.66755,10744
2024.03.14-13.00.17-Rec,180,2,11831,11871,22575,22615,40,13351,0.66755,10744
2024.03.14-13.00.17-Rec,225,0,3343,3383,14087,14127,40,13351,0.66755,10744
2024.03.14-13.00.17-Rec,225,1,7863,7903,18607,18647,40,13351,0.66755,10744
2024.03.14-13.00.17-Rec,225,2,12383,12423,23127,23167,40,13351,0.66755,10744
2024.03.14-13.00.17-Rec,270,0,3896,3936,14640,14680,40,13351,0.66755,10744
2024.03.14-13.00.17-Rec,270,1,8416,8456,19160,19200,40,13351,0.66755,10744
2024.03.14-13.00.17-Rec,270,2,12936,12976,23680,23720,40,13351,0.66755,10744
2024.03.14-13.00.17-Rec,315,0,4448,4488,15192,15232,40,13351,0.66755,10744
2024.03.14-13.00.17-Rec,315,1,8968,9008,19712,19752,40,13351,0.66755,10744
2024.03.14-13.00.17-Rec,315,2,13488,13528,24232,24272,40,13351,0.66755,10744
2024.03.14-13.00.17-Rec,45,0,708,748,11452,11492,40,13351,0.66755,10744
2024.03.14-13.00.17-Rec,45,1,5228,5268,15972,16012,40,13351,0.66755,10744
2024.03.14-13.00.17-Rec,45,2,9748,9788,20492,20532,40,13351,0.66755,10744
2024.03.14-13.00.17-Rec,90,0,1255,1295,11999,12039,40,13351,0.66755,10744
2024.03.14-13.00.17-Rec,90,1,5775,5815,16519,16559,40,13351,0.66755,10744
2024.03.14-13.00.17-Rec,90,2,10295,10335,21039,21079,40,13351,0.66755,10744
2024.03.14-14.06.50-Rec,0,0,282,322,11026,11066,40,13424,0.6712,10744
2024.03.14-14.06.50-Rec,0,1,4802,4842,15546,15586,40,13424,0.6712,10744
2024.03.14-14.06.50-Rec,0,2,9322,9362,20066,20106,40,13424,0.6712,10744
2024.03.14-14.06.50-Rec,135,0,2144,2184,12888,12928,40,13424,0.6712,10744
2024.03.14-14.06.50-Rec,135,1,6664,6704,17408,17448,40,13424,0.6712,10744
2024.03.14-14.06.50-Rec,135,2,11184,11224,21928,21968,40,13424,0.6712,10744
2024.03.14-14.06.50-Rec,180,0,2559,2599,13303,13343,40,13424,0.6712,10744
2024.03.14-14.06.50-Rec,180,1,7079,7119,17823,17863,40,13424,0.6712,10744
2024.03.14-14.06.50-Rec,180,2,11599,11639,22343,22383,40,13424,0.6712,10744
2024.03.14-14.06.50-Rec,225,0,2874,2914,13618,13658,40,13424,0.6712,10744
2024.03.14-14.06.50-Rec,225,1,7394,7434,18138,18178,40,13424,0.6712,10744
2024.03.14-14.06.50-Rec,225,2,11914,11954,22658,22698,40,13424,0.6712,10744
2024.03.14-14.06.50-Rec,270,0,3648,3688,14392,14432,40,13424,0.6712,10744
2024.03.14-14.06.50-Rec,270,1,8168,8208,18912,18952,40,13424,0.6712,10744
2024.03.14-14.06.50-Rec,270,2,12688,12728,23432,23472,40,13424,0.6712,10744
2024.03.14-14.06.50-Rec,315,0,4107,4147,14851,14891,40,13424,0.6712,10744
2024.03.14-14.06.50-Rec,315,1,8627,8667,19371,19411,40,13424,0.6712,10744
2024.03.14-14.06.50-Rec,315,2,13147,13187,23891,23931,40,13424,0.6712,10744
2024.03.14-14.06.50-Rec,45,0,1067,1107,11811,11851,40,13424,0.6712,10744
2024.03.14-14.06.50-Rec,45,1,5587,5627,16331,16371,40,13424,0.6712,10744
2024.03.14-14.06.50-Rec,45,2,10107,10147,20851,20891,40,13424,0.6712,10744
2024.03.14-14.06.50-Rec,90,0,1393,1433,12137,12177,40,13424,0.6712,10744
2024.03.14-14.06.50-Rec,90,1,5913,5953,16657,16697,40,13424,0.6712,10744
2024.03.14-14.06.50-Rec,90,2,10433,10473,21177,21217,40,13424,0.6712,10744
2024.03.20-10.08.11-Rec,0,0,396,436,11140,11180,40,13364,0.6682,10744
2024.03.20-10.08.11-Rec,0,1,4916,4956,15660,15700,40,13364,0.6682,10744
2024.03.20-10.08.11-Rec,0,2,9436,9476,20180,20220,40,13364,0.6682,10744
2024.03.20-10.08.11-Rec,135,0,2217,2257,12961,13001,40,13364,0.6682,10744
2024.03.20-10.08.11-Rec,135,1,6737,6777,17481,17521,40,13364,0.6682,10744
2024.03.20-10.08.11-Rec,135,2,11257,11297,22001,22041,40,13364,0.6682,10744
2024.03.20-10.08.11-Rec,180,0,2555,2595,13299,13339,40,13364,0.6682,10744
2024.03.20-10.08.11-Rec,180,1,7075,7115,17819,17859,40,13364,0.6682,10744
2024.03.20-10.08.11-Rec,180,2,11595,11635,22339,22379,40,13364,0.6682,10744
2024.03.20-10.08.11-Rec,225,0,3015,3055,13759,13799,40,13364,0.6682,10744
2024.03.20-10.08.11-Rec,225,1,7535,7575,18279,18319,40,13364,0.6682,10744
2024.03.20-10.08.11-Rec,225,2,12055,12095,22799,22839,40,13364,0.6682,10744
2024.03.20-10.08.11-Rec,270,0,3696,3736,14440,14480,40,13364,0.6682,10744
2024.03.20-10.08.11-Rec,270,1,8216,8256,18960,19000,40,13364,0.6682,10744
2024.03.20-10.08.11-Rec,270,2,12736,12776,23480,23520,40,13364,0.6682,10744
2024.03.20-10.08.11-Rec,315,0,4474,4514,15218,15258,40,13364,0.6682,10744
2024.03.20-10.08.11-Rec,315,1,8994,9034,19738,19778,40,13364,0.6682,10744
2024.03.20-10.08.11-Rec,315,2,13514,13554,24258,24298,40,13364,0.6682,10744
2024.03.20-10.08.11-Rec,45,0,926,965,11670,11709,39,13030,0.6515,10744
2024.03.20-10.08.11-Rec,45,1,5446,5485,16190,16229,39,13030,0.6515,10744
2024.03.20-10.08.11-Rec,45,2,9966,10005,20710,20749,39,13030,0.6515,10744
2024.03.20-10.08.11-Rec,90,0,1455,1495,12199,12239,40,13364,0.6682,10744
2024.03.20-10.08.11-Rec,90,1,5975,6015,16719,16759,40,13364,0.6682,10744
2024.03.20-10.08.11-Rec,90,2,10495,10535,21239,21279,40,13364,0.6682,10744
