dataset_id,movie_name,trial_idx,n_frames,trial_duration_s,frame_rate_hz,trial_start,trial_end
2024.02.26-10.53.19-Rec,baseline_127,0,180,2.9816,60.370270995438695,278121,337753
2024.02.26-10.53.19-Rec,freq_step_5st_3x,0,1500,24.78975,60.508879678092754,2234064,2729859
2024.02.26-10.53.19-Rec,freq_step_5st_3x,1,1500,24.7716,60.55321416460786,2729859,3225291
2024.02.26-10.53.19-Rec,freq_step_5st_3x,2,1500,24.798,60.48874909266877,3225291,3721251
2024.02.26-10.53.19-Rec,green_blue_3s_3i_3x,0,720,11.91005,60.45314671223043,1350678,1588879
2024.02.26-10.53.19-Rec,green_blue_3s_3i_3x,1,720,11.9024,60.492001613120046,1588879,1826927
2024.02.26-10.53.19-Rec,green_blue_3s_3i_3x,2,720,11.9058,60.474726603840146,1826927,2065043
2024.02.26-10.53.19-Rec,iprgc_test,0,0,120.0,0.0,20467720,22867720
2024.02.26-10.53.19-Rec,iprgc_test,1,0,120.0,0.0,22903578,25303578
2024.02.26-10.53.19-Rec,moving_h_bar_s5_d8_3x,0,4520,74.70855,60.50177657041932,3912665,5406836
2024.02.26-10.53.19-Rec,moving_h_bar_s5_d8_3x,1,4520,74.7195,60.492910150630024,5406836,6901226
2024.02.26-10.53.19-Rec,moving_h_bar_s5_d8_3x,2,4520,74.70925,60.50120968956321,6901226,8395411
2024.02.26-10.53.19-Rec,perfect_dense_noise_15x15_15hz_r42_3min,0,10800,178.46345,60.51659317356019,8517716,12086985
2024.02.26-10.53.19-Rec,step_up_5s_5i_b0_30x,0,600,9.9233,60.46375701631514,12305585,12504051
2024.02.26-10.53.19-Rec,step_up_5s_5i_b0_30x,1,600,9.9179,60.49667772411499,12504051,12702409
2024.02.26-10.53.19-Rec,step_up_5s_5i_b0_30x,2,600,9.9122,60.5314662738847,12702409,12900653
2024.02.26-10.53.19-Rec,step_up_5s_5i_b0_30x,3,600,9.92205,60.471374363160834,12900653,13099094
2024.02.26-10.53.19-Rec,step_up_5s_5i_b0_30x,4,600,9.92395,60.45979675431658,13099094,13297573
2024.02.26-10.53.19-Rec,step_up_5s_5i_b0_30x,5,600,9.9325,60.40775232821546,13297573,13496223
2024.02.26-10.53.19-Rec,step_up_5s_5i_b0_30x,6,600,9.9284,60.43269811852866,13496223,13694791
2024.02.26-10.53.19-Rec,step_up_5s_5i_b0_30x,7,600,9.914,60.52047609441195,13694791,13893071
2024.02.26-10.53.19-Rec,step_up_5s_5i_b0_30x,8,600,9.93315,60.4037993989822,13893071,14091734
2024.02.26-10.53.19-Rec,step_up_5s_5i_b0_30x,9,600,9.93085,60.417789011011145,14091734,14290351
2024.02.26-10.53.19-Rec,step_up_5s_5i_b0_30x,10,600,9.9156,60.51071039574005,14290351,14488663
2024.02.26-10.53.19-Rec,step_up_5s_5i_b0_30x,11,600,9.92135,60.475640915802785,14488663,14687090
2024.02.26-10.53.19-Rec,step_up_5s_5i_b0_30x,12,600,9.91045,60.54215499800715,14687090,14885299
2024.02.26-10.53.19-Rec,step_up_5s_5i_b0_30x,13,600,9.91815,60.49515282587982,14885299,15083662
2024.02.26-10.53.19-Rec,step_up_5s_5i_b0_30x,14,600,9.92195,60.47198383382298,15083662,15282101
2024.02.26-10.53.19-Rec,step_up_5s_5i_b0_30x,15,600,9.9213,60.47594569260077,15282101,15480527
2024.02.26-10.53.19-Rec,step_up_5s_5i_b0_30x,16,600,9.93135,60.41474723980124,15480527,15679154
2024.02.26-10.53.19-Rec,step_up_5s_5i_b0_30x,17,600,9.91605,60.50796436080899,15679154,15877475
2024.02.26-10.53.19-Rec,step_up_5s_5i_b0_30x,18,600,9.9148,60.5155928510913,15877475,16075771
2024.02.26-10.53.19-Rec,step_up_5s_5i_b0_30x,19,600,9.90935,60.54887555692351,16075771,16273958
2024.02.26-10.53.19-Rec,step_up_5s_5i_b0_30x,20,600,9.92315,60.464670996608945,16273958,16472421
2024.02.26-10.53.19-Rec,step_up_5s_5i_b0_30x,21,600,9.9154,60.51193093571616,16472421,16670729
2024.02.26-10.53.19-Rec,step_up_5s_5i_b0_30x,22,600,9.92485,60.45431417099503,16670729,16869226
2024.02.26-10.53.19-Rec,step_up_5s_5i_b0_30x,23,600,9.9112,60.537573654047954,16869226,17067450
2024.02.26-10.53.19-Rec,step_up_5s_5i_b0_30x,24,600,9.90455,60.57821910132212,17067450,17265541
2024.02.26-10.53.19-Rec,step_up_5s_5i_b0_30x,25,600,9.9121,60.53207695644717,17265541,17463783
2024.02.26-10.53.19-Rec,step_up_5s_5i_b0_30x,26,600,9.92055,60.48051771323162,17463783,17662194
2024.02.26-10.53.19-Rec,step_up_5s_5i_b0_30x,27,600,9.90135,60.59779727006923,17662194,17860221
2024.02.26-10.53.19-Rec,step_up_5s_5i_b0_30x,28,600,9.9139,60.52108655524062,17860221,18058499
2024.02.26-10.53.19-Rec,step_up_5s_5i_b0_30x,29,600,9.9198,60.48509042521018,18058499,18256895
2024.02.26-10.53.19-Rec,step_up_5s_5i_b0_3x,0,600,9.91675,60.50369324627524,556768,755103
2024.02.26-10.53.19-Rec,step_up_5s_5i_b0_3x,1,600,9.9079,60.55773675551833,755103,953261
2024.02.26-10.53.19-Rec,step_up_5s_5i_b0_3x,2,600,9.92365,60.46162450308102,953261,1151734
2024.02.26-11.44.42-Rec,baseline_127,0,180,2.97395,60.52556364431144,286984,346463
2024.02.26-11.44.42-Rec,freq_step_5st_3x,0,1500,24.7753,60.54417100902915,2241938,2737444
2024.02.26-11.44.42-Rec,freq_step_5st_3x,1,1500,24.75825,60.5858653176214,2737444,3232609
2024.02.26-11.44.42-Rec,freq_step_5st_3x,2,1500,24.78835,60.51229710731049,3232609,3728376
2024.02.26-11.44.42-Rec,green_blue_3s_3i_3x,0,720,11.9068,60.469647596331505,1359055,1597191
2024.02.26-11.44.42-Rec,green_blue_3s_3i_3x,1,720,11.8942,60.533705503522725,1597191,1835075
2024.02.26-11.44.42-Rec,green_blue_3s_3i_3x,2,720,11.9025,60.49149338374291,1835075,2073125
2024.02.26-11.44.42-Rec,iprgc_test,0,0,120.0,0.0,18771478,21171478
2024.02.26-11.44.42-Rec,iprgc_test,1,0,120.0,0.0,21202018,23602018
2024.02.26-11.44.42-Rec,moving_h_bar_s5_d8_3x,0,4520,74.6776,60.52685142532701,3967815,5461367
2024.02.26-11.44.42-Rec,moving_h_bar_s5_d8_3x,1,4520,74.663,60.538687167673416,5461367,6954627
2024.02.26-11.44.42-Rec,moving_h_bar_s5_d8_3x,2,4520,74.7094,60.501088216476106,6954627,8448815
2024.02.26-11.44.42-Rec,perfect_dense_noise_15x15_15hz_r42_3min,0,10800,178.45805,60.51842435799338,8571023,12140184
2024.02.26-11.44.42-Rec,step_up_5s_5i_b0_30x,0,600,9.90555,60.57210351772491,12358626,12556737
2024.02.26-11.44.42-Rec,step_up_5s_5i_b0_30x,1,600,9.9275,60.43817678166708,12556737,12755287
2024.02.26-11.44.42-Rec,step_up_5s_5i_b0_30x,2,600,9.91735,60.50003277085108,12755287,12953634
2024.02.26-11.44.42-Rec,step_up_5s_5i_b0_30x,3,600,9.9324,60.408360517095566,12953634,13152282
2024.02.26-11.44.42-Rec,step_up_5s_5i_b0_30x,4,600,9.9208,60.478993629546004,13152282,13350698
2024.02.26-11.44.42-Rec,step_up_5s_5i_b0_30x,5,600,9.91975,60.48539529726051,13350698,13549093
2024.02.26-11.44.42-Rec,step_up_5s_5i_b0_30x,6,600,9.905,60.575466935890965,13549093,13747193
2024.02.26-11.44.42-Rec,step_up_5s_5i_b0_30x,7,600,9.91125,60.53726825576995,13747193,13945418
2024.02.26-11.44.42-Rec,step_up_5s_5i_b0_30x,8,600,9.915,60.51437216338881,13945418,14143718
2024.02.26-11.44.42-Rec,step_up_5s_5i_b0_30x,9,600,9.90475,60.576995885812366,14143718,14341813
2024.02.26-11.44.42-Rec,step_up_5s_5i_b0_30x,10,600,9.93315,60.4037993989822,14341813,14540476
2024.02.26-11.44.42-Rec,step_up_5s_5i_b0_30x,11,600,9.91545,60.51162579610608,14540476,14738785
2024.02.26-11.44.42-Rec,step_up_5s_5i_b0_30x,12,600,9.9261,60.4467011212863,14738785,14937307
2024.02.26-11.44.42-Rec,step_up_5s_5i_b0_30x,13,600,9.8967,60.62626936251478,14937307,15135241
2024.02.26-11.44.42-Rec,step_up_5s_5i_b0_30x,14,600,9.90705,60.562932457189575,15135241,15333382
2024.02.26-11.44.42-Rec,step_up_5s_5i_b0_30x,15,600,9.9221,60.47106963243668,15333382,15531824
2024.02.26-11.44.42-Rec,step_up_5s_5i_b0_30x,16,600,9.91715,60.50125288011173,15531824,15730167
2024.02.26-11.44.42-Rec,step_up_5s_5i_b0_30x,17,600,9.908,60.557125555106985,15730167,15928327
2024.02.26-11.44.42-Rec,step_up_5s_5i_b0_30x,18,600,9.92085,60.47868882202634,15928327,16126744
2024.02.26-11.44.42-Rec,step_up_5s_5i_b0_30x,19,600,9.91795,60.4963727383179,16126744,16325103
2024.02.26-11.44.42-Rec,step_up_5s_5i_b0_30x,20,600,9.91445,60.51772917307566,16325103,16523392
2024.02.26-11.44.42-Rec,step_up_5s_5i_b0_30x,21,600,9.91545,60.51162579610608,16523392,16721701
2024.02.26-11.44.42-Rec,step_up_5s_5i_b0_30x,22,600,9.9104,60.54246044559251,16721701,16919909
2024.02.26-11.44.42-Rec,step_up_5s_5i_b0_30x,23,600,9.9145,60.51742397498613,16919909,17118199
2024.02.26-11.44.42-Rec,step_up_5s_5i_b0_30x,24,600,9.9118,60.53390907806857,17118199,17316435
2024.02.26-11.44.42-Rec,step_up_5s_5i_b0_30x,25,600,9.91095,60.53910069165923,17316435,17514654
2024.02.26-11.44.42-Rec,step_up_5s_5i_b0_30x,26,600,9.8972,60.6232065634725,17514654,17712598
2024.02.26-11.44.42-Rec,step_up_5s_5i_b0_30x,27,600,9.90845,60.554375305925745,17712598,17910767
2024.02.26-11.44.42-Rec,step_up_5s_5i_b0_30x,28,600,9.92275,60.46710841248645,17910767,18109222
2024.02.26-11.44.42-Rec,step_up_5s_5i_b0_30x,29,600,9.89265,60.65108944519416,18109222,18307075
2024.02.26-11.44.42-Rec,step_up_5s_5i_b0_3x,0,600,9.91025,60.5433768068414,565570,763775
2024.02.26-11.44.42-Rec,step_up_5s_5i_b0_3x,1,600,9.9133,60.52474957884862,763775,962041
2024.02.26-11.44.42-Rec,step_up_5s_5i_b0_3x,2,600,9.92045,60.48112736821414,962041,1160450
2024.02.26-12.23.03-Rec,baseline_127,0,180,2.98735,60.25407133412556,269181,328928
2024.02.26-12.23.03-Rec,freq_step_5st_3x,0,1500,24.9211,60.18995951222057,2234393,2732815
2024.02.26-12.23.03-Rec,freq_step_5st_3x,1,1500,24.90365,60.23213464692927,2732815,3230888
2024.02.26-12.23.03-Rec,freq_step_5st_3x,2,1500,24.9077,60.22234088253833,3230888,3729042
2024.02.26-12.23.03-Rec,green_blue_3s_3i_3x,0,720,11.9743,60.128775794827256,1346287,1585773
2024.02.26-12.23.03-Rec,green_blue_3s_3i_3x,1,720,11.9832,60.08411776487082,1585773,1825437
2024.02.26-12.23.03-Rec,green_blue_3s_3i_3x,2,720,11.9675,60.16294129935242,1825437,2064787
2024.02.26-12.23.03-Rec,iprgc_test,0,0,120.0,0.0,18747169,21147169
2024.02.26-12.23.03-Rec,iprgc_test,1,0,120.0,0.0,21180696,23580696
2024.02.26-12.23.03-Rec,moving_h_bar_s5_d8_3x,0,4520,75.15385,60.14329272552237,3971505,5474582
2024.02.26-12.23.03-Rec,moving_h_bar_s5_d8_3x,1,4520,75.07135,60.20938746938746,5474582,6976009
2024.02.26-12.23.03-Rec,moving_h_bar_s5_d8_3x,2,4520,75.1288,60.163346146883754,6976009,8478585
2024.02.26-12.23.03-Rec,perfect_dense_noise_15x15_15hz_r42_3min,0,10800,179.48495,60.17217599581469,8601790,12191489
2024.02.26-12.23.03-Rec,step_up_5s_5i_b0_30x,0,600,9.97755,60.1350030819189,12411106,12610657
2024.02.26-12.23.03-Rec,step_up_5s_5i_b0_30x,1,600,9.9673,60.19684367882977,12610657,12810003
2024.02.26-12.23.03-Rec,step_up_5s_5i_b0_30x,2,600,9.9674,60.19623974155748,12810003,13009351
2024.02.26-12.23.03-Rec,step_up_5s_5i_b0_30x,3,600,9.97895,60.12656642231899,13009351,13208930
2024.02.26-12.23.03-Rec,step_up_5s_5i_b0_30x,4,600,9.98785,60.072988681247715,13208930,13408687
2024.02.26-12.23.03-Rec,step_up_5s_5i_b0_30x,5,600,9.98075,60.11572276632517,13408687,13608302
2024.02.26-12.23.03-Rec,step_up_5s_5i_b0_30x,6,600,9.9849,60.09073701288946,13608302,13808000
2024.02.26-12.23.03-Rec,step_up_5s_5i_b0_30x,7,600,9.9605,60.237939862456706,13808000,14007210
2024.02.26-12.23.03-Rec,step_up_5s_5i_b0_30x,8,600,9.97565,60.146456621874265,14007210,14206723
2024.02.26-12.23.03-Rec,step_up_5s_5i_b0_30x,9,600,9.97015,60.179636214099084,14206723,14406126
2024.02.26-12.23.03-Rec,step_up_5s_5i_b0_30x,10,600,9.9766,60.14072930657739,14406126,14605658
2024.02.26-12.23.03-Rec,step_up_5s_5i_b0_30x,11,600,9.98405,60.09585288535214,14605658,14805339
2024.02.26-12.23.03-Rec,step_up_5s_5i_b0_30x,12,600,9.96755,60.19533385837042,14805339,15004690
2024.02.26-12.23.03-Rec,step_up_5s_5i_b0_30x,13,600,9.9415,60.353065432781776,15004690,15203520
2024.02.26-12.23.03-Rec,step_up_5s_5i_b0_30x,14,600,9.9662,60.20348778872589,15203520,15402844
2024.02.26-12.23.03-Rec,step_up_5s_5i_b0_30x,15,600,9.95475,60.2727341219016,15402844,15601939
2024.02.26-12.23.03-Rec,step_up_5s_5i_b0_30x,16,600,9.96445,60.21406098680811,15601939,15801228
2024.02.26-12.23.03-Rec,step_up_5s_5i_b0_30x,17,600,9.9728,60.16364511471202,15801228,16000684
2024.02.26-12.23.03-Rec,step_up_5s_5i_b0_30x,18,600,9.9759,60.1449493278802,16000684,16200202
2024.02.26-12.23.03-Rec,step_up_5s_5i_b0_30x,19,600,9.9766,60.14072930657739,16200202,16399734
2024.02.26-12.23.03-Rec,step_up_5s_5i_b0_30x,20,600,9.96325,60.22131332647479,16399734,16598999
2024.02.26-12.23.03-Rec,step_up_5s_5i_b0_30x,21,600,9.97345,60.15972406739895,16598999,16798468
2024.02.26-12.23.03-Rec,step_up_5s_5i_b0_30x,22,600,9.97315,60.16153371803291,16798468,16997931
2024.02.26-12.23.03-Rec,step_up_5s_5i_b0_30x,23,600,9.9534,60.28090903610826,16997931,17196999
2024.02.26-12.23.03-Rec,step_up_5s_5i_b0_30x,24,600,9.9721,60.16786835270405,17196999,17396441
2024.02.26-12.23.03-Rec,step_up_5s_5i_b0_30x,25,600,9.9704,60.17812725667977,17396441,17595849
2024.02.26-12.23.03-Rec,step_up_5s_5i_b0_30x,26,600,9.9673,60.19684367882977,17595849,17795195
2024.02.26-12.23.03-Rec,step_up_5s_5i_b0_30x,27,600,9.9737,60.158216108365,17795195,17994669
2024.02.26-12.23.03-Rec,step_up_5s_5i_b0_30x,28,600,9.96365,60.21889568581795,17994669,18193942
2024.02.26-12.23.03-Rec,step_up_5s_5i_b0_30x,29,600,9.95625,60.263653483992464,18193942,18393067
2024.02.26-12.23.03-Rec,step_up_5s_5i_b0_3x,0,600,9.95285,60.284240192507674,548915,747972
2024.02.26-12.23.03-Rec,step_up_5s_5i_b0_3x,1,600,9.97915,60.12536137847412,747972,947555
2024.02.26-12.23.03-Rec,step_up_5s_5i_b0_3x,2,600,9.971,60.17450606759603,947555,1146975
2024.02.26-13.44.15-Rec,baseline_127,0,180,2.9905,60.19060357799699,267037,326847
2024.02.26-13.44.15-Rec,freq_step_5st_3x,0,1500,24.932,60.16364511471202,2232076,2730716
2024.02.26-13.44.15-Rec,freq_step_5st_3x,1,1500,24.9171,60.19962194637417,2730716,3229058
2024.02.26-13.44.15-Rec,freq_step_5st_3x,2,1500,24.89565,60.25148971808328,3229058,3726971
2024.02.26-13.44.15-Rec,green_blue_3s_3i_3x,0,720,11.97105,60.145100053879986,1344835,1584256
2024.02.26-13.44.15-Rec,green_blue_3s_3i_3x,1,720,11.94965,60.25281075177934,1584256,1823249
2024.02.26-13.44.15-Rec,green_blue_3s_3i_3x,2,720,11.9599,60.2011722506041,1823249,2062447
2024.02.26-13.44.15-Rec,iprgc_test,0,0,120.0,0.0,18767588,21167588
2024.02.26-13.44.15-Rec,iprgc_test,1,0,120.0,0.0,21201740,23601740
2024.02.26-13.44.15-Rec,moving_h_bar_s5_d8_3x,0,4520,75.1102,60.17824476569094,3970752,5472956
2024.02.26-13.44.15-Rec,moving_h_bar_s5_d8_3x,1,4520,75.0803,60.202210166981224,5472956,6974562
2024.02.26-13.44.15-Rec,moving_h_bar_s5_d8_3x,2,4520,75.08705,60.196798249498414,6974562,8476303
2024.02.26-13.44.15-Rec,perfect_dense_noise_15x15_15hz_r42_3min,0,10800,179.34015,60.220759266678435,8599828,12186631
2024.02.26-13.44.15-Rec,step_up_5s_5i_b0_30x,0,600,9.95415,60.27636714335227,12406547,12605630
2024.02.26-13.44.15-Rec,step_up_5s_5i_b0_30x,1,600,9.96785,60.19352217378873,12605630,12804987
2024.02.26-13.44.15-Rec,step_up_5s_5i_b0_30x,2,600,9.9621,60.22826512482308,12804987,13004229
2024.02.26-13.44.15-Rec,step_up_5s_5i_b0_30x,3,600,9.97,60.18054162487462,13004229,13203629
2024.02.26-13.44.15-Rec,step_up_5s_5i_b0_30x,4,600,9.9701,60.17993801466384,13203629,13403031
2024.02.26-13.44.15-Rec,step_up_5s_5i_b0_30x,5,600,10.0015,59.99100134979753,13403031,13603061
2024.02.26-13.44.15-Rec,step_up_5s_5i_b0_30x,6,600,9.9855,60.087126333183114,13603061,13802771
2024.02.26-13.44.15-Rec,step_up_5s_5i_b0_30x,7,600,9.97665,60.140427899144505,13802771,14002304
2024.02.26-13.44.15-Rec,step_up_5s_5i_b0_30x,8,600,9.97655,60.14103071703144,14002304,14201835
2024.02.26-13.44.15-Rec,step_up_5s_5i_b0_30x,9,600,9.99005,60.05975946066336,14201835,14401636
2024.02.26-13.44.15-Rec,step_up_5s_5i_b0_30x,10,600,9.9726,60.16485169364058,14401636,14601088
2024.02.26-13.44.15-Rec,step_up_5s_5i_b0_30x,11,600,9.97925,60.12475887466493,14601088,14800673
2024.02.26-13.44.15-Rec,step_up_5s_5i_b0_30x,12,600,9.9711,60.173902578451724,14800673,15000095
2024.02.26-13.44.15-Rec,step_up_5s_5i_b0_30x,13,600,9.9608,60.236125612400606,15000095,15199311
2024.02.26-13.44.15-Rec,step_up_5s_5i_b0_30x,14,600,9.95915,60.24610534031519,15199311,15398494
2024.02.26-13.44.15-Rec,step_up_5s_5i_b0_30x,15,600,9.9656,60.20711246688609,15398494,15597806
2024.02.26-13.44.15-Rec,step_up_5s_5i_b0_30x,16,600,9.94495,60.33212836665845,15597806,15796705
2024.02.26-13.44.15-Rec,step_up_5s_5i_b0_30x,17,600,9.9543,60.27545884693047,15796705,15995791
2024.02.26-13.44.15-Rec,step_up_5s_5i_b0_30x,18,600,9.97165,60.17058360451881,15995791,16195224
2024.02.26-13.44.15-Rec,step_up_5s_5i_b0_30x,19,600,9.96735,60.196541708678836,16195224,16394571
2024.02.26-13.44.15-Rec,step_up_5s_5i_b0_30x,20,600,9.95995,60.24126627141703,16394571,16593770
2024.02.26-13.44.15-Rec,step_up_5s_5i_b0_30x,21,600,9.96785,60.19352217378873,16593770,16793127
2024.02.26-13.44.15-Rec,step_up_5s_5i_b0_30x,22,600,9.9622,60.22766055690511,16793127,16992371
2024.02.26-13.44.15-Rec,step_up_5s_5i_b0_30x,23,600,9.97085,60.17541132400949,16992371,17191788
2024.02.26-13.44.15-Rec,step_up_5s_5i_b0_30x,24,600,9.99225,60.046536065450724,17191788,17391633
2024.02.26-13.44.15-Rec,step_up_5s_5i_b0_30x,25,600,9.97355,60.15912087471362,17391633,17591104
2024.02.26-13.44.15-Rec,step_up_5s_5i_b0_30x,26,600,9.98915,60.065170710220585,17591104,17790887
2024.02.26-13.44.15-Rec,step_up_5s_5i_b0_30x,27,600,9.9646,60.21315456716777,17790887,17990179
2024.02.26-13.44.15-Rec,step_up_5s_5i_b0_30x,28,600,9.97395,60.15670822492593,17990179,18189658
2024.02.26-13.44.15-Rec,step_up_5s_5i_b0_30x,29,600,9.97935,60.12415638293075,18189658,18389245
2024.02.26-13.44.15-Rec,step_up_5s_5i_b0_3x,0,600,9.95345,60.28060622196324,547482,746551
2024.02.26-13.44.15-Rec,step_up_5s_5i_b0_3x,1,600,9.9626,60.225242406600685,746551,945803
2024.02.26-13.44.15-Rec,step_up_5s_5i_b0_3x,2,600,9.9782,60.13108576697201,945803,1145367
2024.02.26-14.21.41-Rec,baseline_127,0,180,2.9868,60.26516673362796,287567,347303
2024.02.26-14.21.41-Rec,freq_step_5st_3x,0,1500,24.95665,60.104220718726275,2253694,2752827
2024.02.26-14.21.41-Rec,freq_step_5st_3x,1,1500,24.902,60.236125612400606,2752827,3250867
2024.02.26-14.21.41-Rec,freq_step_5st_3x,2,1500,24.91805,60.197326837372906,3250867,3749228
2024.02.26-14.21.41-Rec,green_blue_3s_3i_3x,0,720,11.96675,60.16671193097542,1365836,1605171
2024.02.26-14.21.41-Rec,green_blue_3s_3i_3x,1,720,11.97035,60.148617208352306,1605171,1844578
2024.02.26-14.21.41-Rec,green_blue_3s_3i_3x,2,720,11.9596,60.20268236395866,1844578,2083770
2024.02.26-14.21.41-Rec,iprgc_test,0,0,120.0,0.0,18739726,21139726
2024.02.26-14.21.41-Rec,iprgc_test,1,0,120.0,0.0,21171464,23571464
2024.02.26-14.21.41-Rec,moving_h_bar_s5_d8_3x,0,4520,75.1427,60.152217048362644,3991578,5494432
2024.02.26-14.21.41-Rec,moving_h_bar_s5_d8_3x,1,4520,75.05725,60.22069820037372,5494432,6995577
2024.02.26-14.21.41-Rec,moving_h_bar_s5_d8_3x,2,4520,75.0675,60.212475438771776,6995577,8496927
2024.02.26-14.21.41-Rec,perfect_dense_noise_15x15_15hz_r42_3min,0,10800,179.4106,60.19711209928511,8620031,12208243
2024.02.26-14.21.41-Rec,step_up_5s_5i_b0_30x,0,600,9.9929,60.04263026748991,12428058,12627916
2024.02.26-14.21.41-Rec,step_up_5s_5i_b0_30x,1,600,9.99355,60.038724977610556,12627916,12827787
2024.02.26-14.21.41-Rec,step_up_5s_5i_b0_30x,2,600,9.985,60.09013520280421,12827787,13027487
2024.02.26-14.21.41-Rec,step_up_5s_5i_b0_30x,3,600,9.98425,60.09464907228886,13027487,13227172
2024.02.26-14.21.41-Rec,step_up_5s_5i_b0_30x,4,600,9.97945,60.12355390327122,13227172,13426761
2024.02.26-14.21.41-Rec,step_up_5s_5i_b0_30x,5,600,9.9896,60.06246496356211,13426761,13626553
2024.02.26-14.21.41-Rec,step_up_5s_5i_b0_30x,6,600,10.0089,59.94664748373947,13626553,13826731
2024.02.26-14.21.41-Rec,step_up_5s_5i_b0_30x,7,600,9.99415,60.035120545519135,13826731,14026614
2024.02.26-14.21.41-Rec,step_up_5s_5i_b0_30x,8,600,9.96065,60.23703272376803,14026614,14225827
2024.02.26-14.21.41-Rec,step_up_5s_5i_b0_30x,9,600,9.9922,60.04683653249534,14225827,14425671
2024.02.26-14.21.41-Rec,step_up_5s_5i_b0_30x,10,600,9.98515,60.08923251027776,14425671,14625374
2024.02.26-14.21.41-Rec,step_up_5s_5i_b0_30x,11,600,9.96845,60.189899131760704,14625374,14824743
2024.02.26-14.21.41-Rec,step_up_5s_5i_b0_30x,12,600,9.977,60.13831813170292,14824743,15024283
2024.02.26-14.21.41-Rec,step_up_5s_5i_b0_30x,13,600,9.9826,60.10458197263238,15024283,15223935
2024.02.26-14.21.41-Rec,step_up_5s_5i_b0_30x,14,600,9.9833,60.10036761391524,15223935,15423601
2024.02.26-14.21.41-Rec,step_up_5s_5i_b0_30x,15,600,9.9963,60.02220821704031,15423601,15623527
2024.02.26-14.21.41-Rec,step_up_5s_5i_b0_30x,16,600,9.9684,60.19020103527145,15623527,15822895
2024.02.26-14.21.41-Rec,step_up_5s_5i_b0_30x,17,600,9.97865,60.128374078657934,15822895,16022468
2024.02.26-14.21.41-Rec,step_up_5s_5i_b0_30x,18,600,9.9874,60.07569537617398,16022468,16222216
2024.02.26-14.21.41-Rec,step_up_5s_5i_b0_30x,19,600,9.98955,60.06276559004159,16222216,16422007
2024.02.26-14.21.41-Rec,step_up_5s_5i_b0_30x,20,600,9.9775,60.13530443497871,16422007,16621557
2024.02.26-14.21.41-Rec,step_up_5s_5i_b0_30x,21,600,9.973,60.16243858417727,16621557,16821017
2024.02.26-14.21.41-Rec,step_up_5s_5i_b0_30x,22,600,9.9841,60.09555192756483,16821017,17020699
2024.02.26-14.21.41-Rec,step_up_5s_5i_b0_30x,23,600,9.95525,60.269706938550016,17020699,17219804
2024.02.26-14.21.41-Rec,step_up_5s_5i_b0_30x,24,600,9.9567,60.26092982614722,17219804,17418938
2024.02.26-14.21.41-Rec,step_up_5s_5i_b0_30x,25,600,9.98065,60.1163250890473,17418938,17618551
2024.02.26-14.21.41-Rec,step_up_5s_5i_b0_30x,26,600,9.98795,60.072387226608065,17618551,17818310
2024.02.26-14.21.41-Rec,step_up_5s_5i_b0_30x,27,600,9.9784,60.12988054197065,17818310,18017878
2024.02.26-14.21.41-Rec,step_up_5s_5i_b0_30x,28,600,9.9504,60.2990834539315,18017878,18216886
2024.02.26-14.21.41-Rec,step_up_5s_5i_b0_30x,29,600,9.96285,60.2237311612641,18216886,18416143
2024.02.26-14.21.41-Rec,step_up_5s_5i_b0_3x,0,600,9.9724,60.16605832096587,567831,767279
2024.02.26-14.21.41-Rec,step_up_5s_5i_b0_3x,1,600,9.9716,60.17088531429259,767279,966711
2024.02.26-14.21.41-Rec,step_up_5s_5i_b0_3x,2,600,9.96915,60.18567280058981,966711,1166094
2024.02.28-10.42.23-Rec,baseline_127,0,180,3.04925,59.03090923997705,267823,328808
2024.02.28-10.42.23-Rec,freq_step_5st_3x,0,1500,25.40355,59.046865497145085,2270135,2778206
2024.02.28-10.42.23-Rec,freq_step_5st_3x,1,1500,25.4006,59.053723140398255,2778206,3286218
2024.02.28-10.42.23-Rec,freq_step_5st_3x,2,1500,25.40625,59.04059040590406,3286218,3794343
2024.02.28-10.42.23-Rec,green_blue_3s_3i_3x,0,720,12.19235,59.05342284301222,1365975,1609822
2024.02.28-10.42.23-Rec,green_blue_3s_3i_3x,1,720,12.1951,59.04010627219129,1609822,1853724
2024.02.28-10.42.23-Rec,green_blue_3s_3i_3x,2,720,12.19115,59.059235593032646,1853724,2097547
2024.02.28-10.42.23-Rec,iprgc_test,0,0,120.0,0.0,19219291,21619291
2024.02.28-10.42.23-Rec,iprgc_test,1,0,120.0,0.0,21646621,24046621
2024.02.28-10.42.23-Rec,moving_h_bar_s5_d8_3x,0,4520,76.5541,59.0432125777718,4041121,5572203
2024.02.28-10.42.23-Rec,moving_h_bar_s5_d8_3x,1,4520,76.55305,59.04402241321541,5572203,7103264
2024.02.28-10.42.23-Rec,moving_h_bar_s5_d8_3x,2,4520,76.562,59.03712024241791,7103264,8634504
2024.02.28-10.42.23-Rec,perfect_dense_noise_15x15_15hz_r42_3min,0,10800,182.94115,59.03537831701616,8760356,12419179
2024.02.28-10.42.23-Rec,step_up_5s_5i_b0_30x,0,600,10.1599,59.05569936711975,12642765,12845963
2024.02.28-10.42.23-Rec,step_up_5s_5i_b0_30x,1,600,10.1635,59.03478132533083,12845963,13049233
2024.02.28-10.42.23-Rec,step_up_5s_5i_b0_30x,2,600,10.17345,58.97704318593987,13049233,13252702
2024.02.28-10.42.23-Rec,step_up_5s_5i_b0_30x,3,600,10.1669,59.01503899910494,13252702,13456040
2024.02.28-10.42.23-Rec,step_up_5s_5i_b0_30x,4,600,10.1779,58.95125713555842,13456040,13659598
2024.02.28-10.42.23-Rec,step_up_5s_5i_b0_30x,5,600,10.17845,58.94807166120579,13659598,13863167
2024.02.28-10.42.23-Rec,step_up_5s_5i_b0_30x,6,600,10.166,59.02026362384419,13863167,14066487
2024.02.28-10.42.23-Rec,step_up_5s_5i_b0_30x,7,600,10.16205,59.04320486516008,14066487,14269728
2024.02.28-10.42.23-Rec,step_up_5s_5i_b0_30x,8,600,10.1631,59.03710482037961,14269728,14472990
2024.02.28-10.42.23-Rec,step_up_5s_5i_b0_30x,9,600,10.16825,59.007203796130106,14472990,14676355
2024.02.28-10.42.23-Rec,step_up_5s_5i_b0_30x,10,600,10.1776,58.95299481213646,14676355,14879907
2024.02.28-10.42.23-Rec,step_up_5s_5i_b0_30x,11,600,10.1665,59.01736094034329,14879907,15083237
2024.02.28-10.42.23-Rec,step_up_5s_5i_b0_30x,12,600,10.1702,58.995889952999946,15083237,15286641
2024.02.28-10.42.23-Rec,step_up_5s_5i_b0_30x,13,600,10.1823,58.9257829763413,15286641,15490287
2024.02.28-10.42.23-Rec,step_up_5s_5i_b0_30x,14,600,10.1714,58.988929744184674,15490287,15693715
2024.02.28-10.42.23-Rec,step_up_5s_5i_b0_30x,15,600,10.172,58.98545025560362,15693715,15897155
2024.02.28-10.42.23-Rec,step_up_5s_5i_b0_30x,16,600,10.1674,59.01213682947459,15897155,16100503
2024.02.28-10.42.23-Rec,step_up_5s_5i_b0_30x,17,600,10.1664,59.01794145420208,16100503,16303831
2024.02.28-10.42.23-Rec,step_up_5s_5i_b0_30x,18,600,10.1634,59.035362181946994,16303831,16507099
2024.02.28-10.42.23-Rec,step_up_5s_5i_b0_30x,19,600,10.1646,59.02839265686795,16507099,16710391
2024.02.28-10.42.23-Rec,step_up_5s_5i_b0_30x,20,600,10.1662,59.01910251618107,16710391,16913715
2024.02.28-10.42.23-Rec,step_up_5s_5i_b0_30x,21,600,10.1667,59.016199946885415,16913715,17117049
2024.02.28-10.42.23-Rec,step_up_5s_5i_b0_30x,22,600,10.1615,59.04640062982827,17117049,17320279
2024.02.28-10.42.23-Rec,step_up_5s_5i_b0_30x,23,600,10.1652,59.02490851139181,17320279,17523583
2024.02.28-10.42.23-Rec,step_up_5s_5i_b0_30x,24,600,10.1737,58.97559393337723,17523583,17727057
2024.02.28-10.42.23-Rec,step_up_5s_5i_b0_30x,25,600,10.1804,58.9367804801383,17727057,17930665
2024.02.28-10.42.23-Rec,step_up_5s_5i_b0_30x,26,600,10.17455,58.970667007386076,17930665,18134156
2024.02.28-10.42.23-Rec,step_up_5s_5i_b0_30x,27,600,10.1602,59.05395563079467,18134156,18337360
2024.02.28-10.42.23-Rec,step_up_5s_5i_b0_30x,28,600,10.1614,59.046981715117994,18337360,18540588
2024.02.28-10.42.23-Rec,step_up_5s_5i_b0_30x,29,600,10.16015,59.05424624636447,18540588,18743791
2024.02.28-10.42.23-Rec,step_up_5s_5i_b0_3x,0,600,10.1626,59.04000944640151,553203,756455
2024.02.28-10.42.23-Rec,step_up_5s_5i_b0_3x,1,600,10.1598,59.056280635445574,756455,959651
2024.02.28-10.42.23-Rec,step_up_5s_5i_b0_3x,2,600,10.15765,59.06878067269496,959651,1162804
2024.02.28-11.19.39-Rec,baseline_127,0,180,3.04785,59.05802450908017,282301,343258
2024.02.28-11.19.39-Rec,freq_step_5st_3x,0,1500,25.37585,59.11132040897152,2284161,2791678
2024.02.28-11.19.39-Rec,freq_step_5st_3x,1,1500,25.3949,59.066978015270784,2791678,3299576
2024.02.28-11.19.39-Rec,freq_step_5st_3x,2,1500,25.38565,59.08850078686187,3299576,3807289
2024.02.28-11.19.39-Rec,green_blue_3s_3i_3x,0,720,12.18665,59.08104360098961,1379956,1623689
2024.02.28-11.19.39-Rec,green_blue_3s_3i_3x,1,720,12.18695,59.079589232744866,1623689,1867428
2024.02.28-11.19.39-Rec,green_blue_3s_3i_3x,2,720,12.19495,59.04083247573791,1867428,2111327
2024.02.28-11.19.39-Rec,iprgc_test,0,0,120.0,0.0,19095952,21495952
2024.02.28-11.19.39-Rec,iprgc_test,1,0,120.0,0.0,21524341,23924341
2024.02.28-11.19.39-Rec,moving_h_bar_s5_d8_3x,0,4520,76.5337,59.05895050154377,4052253,5582927
2024.02.28-11.19.39-Rec,moving_h_bar_s5_d8_3x,1,4520,76.52485,59.065780592840106,5582927,7113424
2024.02.28-11.19.39-Rec,moving_h_bar_s5_d8_3x,2,4520,76.51155,59.07604799536802,7113424,8643655
2024.02.28-11.19.39-Rec,perfect_dense_noise_15x15_15hz_r42_3min,0,10800,183.02345,59.00883192836765,8769113,12429582
2024.02.28-11.19.39-Rec,step_up_5s_5i_b0_30x,0,600,10.1742,58.97269564191779,12653543,12857027
2024.02.28-11.19.39-Rec,step_up_5s_5i_b0_30x,1,600,10.16945,59.000240917650416,12857027,13060416
2024.02.28-11.19.39-Rec,step_up_5s_5i_b0_30x,2,600,10.17415,58.97298545824467,13060416,13263899
2024.02.28-11.19.39-Rec,step_up_5s_5i_b0_30x,3,600,10.1659,59.02084419480813,13263899,13467217
2024.02.28-11.19.39-Rec,step_up_5s_5i_b0_30x,4,600,10.1654,59.023747220965234,13467217,13670525
2024.02.28-11.19.39-Rec,step_up_5s_5i_b0_30x,5,600,10.1721,58.98487038074734,13670525,13873967
2024.02.28-11.19.39-Rec,step_up_5s_5i_b0_30x,6,600,10.1627,59.03942849833214,13873967,14077221
2024.02.28-11.19.39-Rec,step_up_5s_5i_b0_30x,7,600,10.1657,59.02200537100249,14077221,14280535
2024.02.28-11.19.39-Rec,step_up_5s_5i_b0_30x,8,600,10.1618,59.04465744257907,14280535,14483771
2024.02.28-11.19.39-Rec,step_up_5s_5i_b0_30x,9,600,10.16565,59.022295672190175,14483771,14687084
2024.02.28-11.19.39-Rec,step_up_5s_5i_b0_30x,10,600,10.17775,58.95212596104247,14687084,14890639
2024.02.28-11.19.39-Rec,step_up_5s_5i_b0_30x,11,600,10.1686,59.00517278681431,14890639,15094011
2024.02.28-11.19.39-Rec,step_up_5s_5i_b0_30x,12,600,10.1674,59.01213682947459,15094011,15297359
2024.02.28-11.19.39-Rec,step_up_5s_5i_b0_30x,13,600,10.1762,58.96110532418781,15297359,15500883
2024.02.28-11.19.39-Rec,step_up_5s_5i_b0_30x,14,600,10.16565,59.022295672190175,15500883,15704196
2024.02.28-11.19.39-Rec,step_up_5s_5i_b0_30x,15,600,10.1677,59.01039566470293,15704196,15907550
2024.02.28-11.19.39-Rec,step_up_5s_5i_b0_30x,16,600,10.18545,58.907559312548784,15907550,16111259
2024.02.28-11.19.39-Rec,step_up_5s_5i_b0_30x,17,600,10.18065,58.93533320564011,16111259,16314872
2024.02.28-11.19.39-Rec,step_up_5s_5i_b0_30x,18,600,10.18555,58.90698096813624,16314872,16518583
2024.02.28-11.19.39-Rec,step_up_5s_5i_b0_30x,19,600,10.17775,58.95212596104247,16518583,16722138
2024.02.28-11.19.39-Rec,step_up_5s_5i_b0_30x,20,600,10.1835,58.91883929886581,16722138,16925808
2024.02.28-11.19.39-Rec,step_up_5s_5i_b0_30x,21,600,10.16495,59.026360188687605,16925808,17129107
2024.02.28-11.19.39-Rec,step_up_5s_5i_b0_30x,22,600,10.1728,58.98081157596728,17129107,17332563
2024.02.28-11.19.39-Rec,step_up_5s_5i_b0_30x,23,600,10.17745,58.95386368884151,17332563,17536112
2024.02.28-11.19.39-Rec,step_up_5s_5i_b0_30x,24,600,10.17865,58.9469133922475,17536112,17739685
2024.02.28-11.19.39-Rec,step_up_5s_5i_b0_30x,25,600,10.17395,58.9741447520383,17739685,17943164
2024.02.28-11.19.39-Rec,step_up_5s_5i_b0_30x,26,600,10.18335,58.919707169055364,17943164,18146831
2024.02.28-11.19.39-Rec,step_up_5s_5i_b0_30x,27,600,10.1786,58.94720295521978,18146831,18350403
2024.02.28-11.19.39-Rec,step_up_5s_5i_b0_30x,28,600,10.18,58.93909626719057,18350403,18554003
2024.02.28-11.19.39-Rec,step_up_5s_5i_b0_30x,29,600,10.1744,58.97153640509514,18554003,18757491
2024.02.28-11.19.39-Rec,step_up_5s_5i_b0_3x,0,600,10.1637,59.033619646388615,567155,770429
2024.02.28-11.19.39-Rec,step_up_5s_5i_b0_3x,1,600,10.15485,59.085067726258885,770429,973526
2024.02.28-11.19.39-Rec,step_up_5s_5i_b0_3x,2,600,10.1518,59.102819204476056,973526,1176562
